country,1870,1871,1872,1873,1874,1875,1876,1877,1878,1879,1880,1881,1882,1883,1884,1885,1886,1887,1888,1889,1890,1891,1892,1893,1894,1895,1896,1897,1898,1899,1900,1901,1902,1903,1904,1905,1906,1907,1908,1909,1910,1911,1912,1913,1914,1915,1916,1917,1918,1919,1920,1921,1922,1923,1924,1925,1926,1927,1928,1929,1930,1931,1932,1933,1934,1935,1936,1937,1938,1939,1940,1941,1942,1943,1944,1945,1946,1947,1948,1949,1950,1951,1952,1953,1954,1955,1956,1957,1958,1959,1960,1961,1962,1963,1964,1965,1966,1967,1968,1969,1970,1971,1972,1973,1974,1975,1976,1977,1978,1979,1980,1981,1982,1983,1984,1985,1986,1987,1988,1989,1990,1991,1992,1993,1994,1995,1996,1997,1998,1999,2000,2001,2002,2003,2004,2005,2006,2007,2008,2009,2010,2011,2012,2013,2014,2015,2016,2017
Afghanistan,0.0667,,,,,0.0667,,,,,0.0667,,,,,0.0667,,,,,0.0667,,,,,0.0667,,,,,0.0667,,,,,0.0667,,,,,0.0667,,,,,0.133,,,,,0.2,,,,,0.267,,,,,0.267,,,,,0.333,,,,,0.4,,,,,0.6,,,,,0.867,,,,,1.2,,,,,1.47,,,,,1.93,,,,,2.33,,,,,4.13,,,,,5.2,,,,,7.73,,,,,9.93,10.7,10.7,11.3,12,12.7,12.7,13.3,13.3,14,14.7,14.7,15.3,16,16.7,17.3,18,19.3,20,20.7,21.3,22,22.7,23.3,23.3,24,24,25.3
Angola,,,,,,,,,,,,,,,,,,,,,,,,,,,,,,,,,,,,,,,,,,,,,,,,,,,,,,,,,,,,,,,,,,,,,,,,,,,,,,,,,,,,,,,,,,,,,,,,,,,,,,,,,,,,,,,,,,,,,,,,,,,,,,,,,,29.3,29.3,29.3,29.3,29.3,29.3,29.3,30,30,30.7,31.3,31.3,31.3,32,32.7,32.7,33.3,34,34
Albania,0.133,,,,,0.133,,,,,0.133,,,,,0.2,,,,,0.267,,,,,0.267,,,,,0.4,,,,,0.467,,,,,0.6,,,,,1.13,,,,,1.93,,,,,3,,,,,4.2,,,,,5.47,,,,,6.87,,,,,8.53,,,,,15.4,,,,,17.3,,,,,15.5,,,,,19.4,,,,,22.1,,,,,26.5,,,,,33,,,,,45,,,,,52.2,52,52,52,52,53.3,54.7,55.3,56.7,57.3,58.7,58,60,60,60.7,60.7,61.3,61.3,61.3,62,62,62,64,64.7,64.7,64.7,66.7,66.7
Andorra,,,,,,,,,,,,,,,,,,,,,,,,,,,,,,,,,,,,,,,,,,,,,,,,,,,,,,,,,,,,,,,,,,,,,,,,,,,,,,,,,,,,,,,,,,,,,,,,,,,,,,,,,,,,,,,,,,,,,,,,,,,,,,,,,,,44.7,47.3,50.7,67.3,70,65.3,67.3,67.3,67.3,67.3,67.3,68,68,68,68,68,68,68
UAE,,,,,,,,,,,,,,,,,,,,,,,,,,,,,,,,,,,,,,,,,,,,,,,,,,,,,,,,,,,,,,,,,,,,,,,,,,,,,,,,,4.4,,,,,6.13,,,,,9.2,,,,,12.4,,,,,15.9,,,,,19.7,,,,,23.9,,,,,29.8,,,,,37.5,39.3,41.3,43.3,45.3,47.3,48.7,50.7,52,53.3,55.3,56,57.3,58,59.3,60.7,62,62.7,64,64.7,66,66.7,68,68.7,70,70.7,72,72
Argentina,1.87,,,,,2.33,,,,,2.93,,,,,3.6,,,,,4.27,,,,,4.73,,,,,5.2,,,,,6.13,,,,,10.8,,,,,14.5,,,,,17.3,,,,,19.6,,,,,22.7,,,,,25.3,,,,,27.8,,,,,29.8,,,,,30.7,,,,,33.3,,,,,35.5,,,,,37.3,,,,,39.5,,,,,42.9,,,,,44.8,,,,,49.7,,,,,52.5,53.3,53.3,54,54.7,55.3,56.7,57.3,58.7,59.3,60.7,60.7,61.3,62,61.3,60.7,60,59.3,59.3,62,65.3,65.3,65.3,65.3,65.3,65.3,66,66
Armenia,,,,,,,,,,,,,,,,,,,,,,,,,,,,,,,,,,,,,,,,,,,,,,,,,,,,,,,,,,,,,,,,,,,,,,,,,,,,,,,,,49.1,,,,,49.9,,,,,50.7,,,,,54,,,,,55.6,,,,,58.3,,,,,61.3,,,,,63.9,,,,,67.2,68,68,68.7,69.3,69.3,70,70.7,71.3,71.3,72,71.3,72,72,72,72.7,72.7,73.3,73.3,74,74,74.7,75.3,76,76.7,77.3,78,78
Antigua and Barbuda,,,,,,,,,,,,,,,,,,,,,,,,,,,,,,,,,,,,,,,,,,,,,,,,,,,,,,,,,,,,,,,,,,,,,,,,,,,,,,,,,,,,,,,,,,,,,,,,,,,,,,,,,,,,,,,,,,,,,,,,,,,,,,,,,,,46.7,59.3,60,60,60.7,60.7,61.3,61.3,62,62,61.3,61.3,61.3,61.3,61.3,61.3,61.3,61.3
Australia,10.7,,,,,11,,,,,11.8,,,,,13.3,,,,,15.2,,,,,17.1,,,,,18.3,,,,,20.5,,,,,22.3,,,,,26.1,,,,,29.5,,,,,32.8,,,,,36.9,,,,,41,,,,,44.6,,,,,48.1,,,,,52.5,,,,,53.7,,,,,55.1,,,,,56.9,,,,,62.3,,,,,66.9,,,,,71.9,,,,,73.5,,,,,74.7,78.7,78.7,78.7,78.7,78.7,78.7,78.7,78.7,79.3,79.3,79.3,78.7,78.7,78.7,78,79.3,80,82,82,82.7,83.3,84,84,84.7,85.3,86,86
Austria,14.2,,,,,14.9,,,,,15.7,,,,,16.2,,,,,17.6,,,,,19.3,,,,,21.4,,,,,23.8,,,,,26.3,,,,,28.8,,,,,31.5,,,,,34.1,,,,,36.9,,,,,39.7,,,,,41.9,,,,,43.6,,,,,42.8,,,,,41.2,,,,,39.6,,,,,46.2,,,,,50.9,,,,,53.2,,,,,54.7,,,,,56.1,,,,,57.6,58,58,58.7,58.7,59.3,59.3,59.3,60,60,60,61.3,62.7,64,65.3,66,67.3,77.3,76.7,78,78.7,78.7,78.7,79.3,80.7,80.7,80.7,80.7
Azerbaijan,,,,,,,,,,,,,,,,,,,,,,,,,,,,,,,,,,,,,,,,,,,,,,,,,,,,,,,,,,,,,,,,,,,,,,,,,,,,,,,,,,,,,,,,,,,,,,,,,,,,,,,,,,,,,,,,,,,,,,,,,,,,,,68,68.7,69.3,70,70,70.7,70.7,70.7,70.7,70.7,71.3,71.3,68,68,71.3,71.3,71.3,71.3,72,71.3,71.3,71.3,71.3
Burundi,,,,,,,,,,,,,,,,,,,,,,,,,,,,,,,,,,,,,,,,,,,,,,,,,,,,,,,,,,,,,,,,,,,,,,,,,,,,,,,,,1.53,,,,,1.8,,,,,2.53,,,,,3.53,,,,,4.47,,,,,5.8,,,,,7.27,,,,,8.8,,,,,9.6,10,10,10,10.7,10.7,10.7,11.3,11.3,12,12,12.7,13.3,14,14.7,15.3,16,16,16.7,17.3,17.3,17.3,18,18.7,18.7,19.3,20,20
Belgium,15.1,,,,,14.5,,,,,15.9,,,,,17.3,,,,,18.3,,,,,18.1,,,,,17.2,,,,,17.4,,,,,19.3,,,,,20.3,,,,,21.6,,,,,23.4,,,,,25.9,,,,,29.1,,,,,32.7,,,,,36.9,,,,,43.5,,,,,45.7,,,,,46.5,,,,,46.7,,,,,47.9,,,,,50.1,,,,,53.7,,,,,57.2,,,,,60.7,63.3,63.3,64,64.7,64.7,65.3,65.3,66,66.7,66.7,68,68.7,69.3,70,71.3,74,74,73.3,74,74,74.7,74.7,76,76.7,78,78.7,78.7
Benin,0.0667,,,,,0.0667,,,,,0.0667,,,,,0.0667,,,,,0.0667,,,,,0.0667,,,,,0.0667,,,,,0.0667,,,,,0.133,,,,,0.133,,,,,0.2,,,,,0.2,,,,,0.933,,,,,1.47,,,,,2,,,,,2.53,,,,,2.2,,,,,2.67,,,,,3.13,,,,,4.07,,,,,4.2,,,,,4.27,,,,,4.33,,,,,7.27,,,,,10.8,11.3,12,12.7,13.3,14,14.7,15.3,16,16.7,17.3,17.3,18,18,18,18.7,18.7,18.7,18.7,18.7,18.7,18.7,20,21.3,22,23.3,24,24
Burkina Faso,,,,,,,,,,,,,,,,,,,,,,,,,,,,,,,,,,,,,,,,,,,,,,,,,,,,,,,,,,,,,,,,,,,,,,,,,,,,,,,,,,,,,,,,,,,,,,,,,,,,,,,,,,,,,,,,,,,,,,,,,,,,,,,,,,,8,8.67,8.67,8.67,8.67,8.67,8.67,8.67,8.67,9.33,9.33,9.33,9.33,9.33,9.33,9.33,10,10
Bangladesh,0.0667,,,,,0.0667,,,,,0.133,,,,,0.133,,,,,0.133,,,,,0.2,,,,,0.267,,,,,0.333,,,,,1.67,,,,,2.6,,,,,3.53,,,,,4.2,,,,,4.87,,,,,5.33,,,,,5.73,,,,,6,,,,,6,,,,,6,,,,,6.07,,,,,7.2,,,,,7.73,,,,,7.87,,,,,13.1,,,,,16,,,,,18.9,19.3,20,20.7,21.3,22,23.3,24,25.3,26,27.3,28.7,28.7,29.3,30,30,30.7,31.3,32,32,32.7,34,34,34,34.7,34.7,34.7,38.7
Bulgaria,6.13,,,,,6.27,,,,,6.47,,,,,6.6,,,,,6.8,,,,,7.87,,,,,8.87,,,,,9.67,,,,,10.5,,,,,12.9,,,,,14.8,,,,,16.1,,,,,17,,,,,17.4,,,,,19.2,,,,,20.4,,,,,20.8,,,,,22.8,,,,,28.2,,,,,28.7,,,,,36.7,,,,,41.1,,,,,48.1,,,,,54.5,,,,,56.3,59.3,60,60.7,61.3,62,62,62.7,62.7,63.3,63.3,66,66.7,67.3,67.3,68,69.3,70,70,70.7,70.7,71.3,72,72.7,72.7,78.7,78.7,78.7
Bahrain,,,,,,,,,,,,,,,,,,,,,,,,,,,,,,,,,,,,,,,,,,,,,,,,,,,,,,,,,,,,,,,,,,,,,,,,,,,,,,,,,6.07,,,,,6.67,,,,,7.33,,,,,8.73,,,,,12.5,,,,,18.1,,,,,27.5,,,,,35,,,,,40.7,42,43.3,44.7,46,48,49.3,50.7,52.7,54,55.3,56,56,56,56,56,56,56,56,56,56,57.3,58.7,60,60.7,62,62.7,62.7
Bahamas,,,,,,,,,,,,,,,,,,,,,,,,,,,,,,,,,,,,,,,,,,,,,,,,,,,,,,,,,,,,,,,,,,,,,,,,,,,,,,,,,,,,,,,,,,,,,,,,,,,,,,,,,,,,,,,,,,,,,,,,,,,,,,,,,,,72.7,72.7,72.7,72.7,72.7,72.7,72.7,72.7,72.7,72.7,72.7,73.3,74,74,74,74,74,74
Bosnia and Herzegovina,,,,,,,,,,,,,,,,,,,,,,,,,,,,,,,,,,,,,,,,,,,,,,,,,,,,,,,,,,,,,,,,,,,,,,,,,,,,,,,,,,,,,,,,,,,,,,,,,,,,,,,,,,,,,,,,,,,,,,,,,,,,,,,,,,,46.7,47.3,48,48,48.7,49.3,49.3,50,50.7,51.3,47.3,48,55.3,58,61.3,60,64.7,64.7
Belarus,,,,,,,,,,,,,,,,,,,,,,,,,,,,,,,,,,,,,,,,,,,,,,,,,,,,,,,,,,,,,,,,,,,,,,,,,,,,,,,,,,,,,,,,,,,,,,,,,,,,,,,,,,,,,,,,,,,,,,,,,,,,,,56.7,57.3,58,58.7,58.7,59.3,60,60.7,60.7,61.3,62,66.7,70.7,75.3,79.3,80,80,80,80,80.7,81.3,82,82
Belize,1.93,,,,,2.4,,,,,2.87,,,,,3.6,,,,,4.47,,,,,5.53,,,,,6.8,,,,,8.2,,,,,13.5,,,,,17.4,,,,,21.3,,,,,24.7,,,,,27.7,,,,,30.5,,,,,32.9,,,,,35,,,,,44.7,,,,,46.4,,,,,47.1,,,,,49.6,,,,,48.1,,,,,49.8,,,,,47.2,,,,,49,,,,,54.8,56,57.3,58.7,59.3,60.7,62,63.3,64.7,66,67.3,67.3,68,68,68.7,68.7,68.7,69.3,69.3,69.3,70,70,70,70,70,70,70,70
Bolivia,0.333,,,,,0.4,,,,,0.467,,,,,0.6,,,,,0.733,,,,,0.933,,,,,1.13,,,,,1.4,,,,,1.73,,,,,2.13,,,,,2.67,,,,,4.33,,,,,5.73,,,,,7.07,,,,,9.07,,,,,10.7,,,,,12,,,,,13.9,,,,,16.8,,,,,18.5,,,,,21.8,,,,,24.3,,,,,29.8,,,,,35.7,,,,,42.7,43.3,44.7,45.3,46.7,47.3,48,48,48.7,49.3,49.3,48.7,48,47.3,47.3,46.7,48.7,47.3,50.7,52.7,52,53.3,55.3,56,56.7,58,59.3,59.3
Brazil,0.667,,,,,0.8,,,,,1.07,,,,,1.33,,,,,1.6,,,,,1.93,,,,,3.13,,,,,4.07,,,,,5.4,,,,,6.33,,,,,7.53,,,,,8.4,,,,,9.4,,,,,10.1,,,,,11.1,,,,,11.7,,,,,13.1,,,,,14.5,,,,,16.6,,,,,18.5,,,,,20.6,,,,,18.8,,,,,19.5,,,,,23.9,,,,,26.9,26,27.3,28.7,30,30.7,32,33.3,34.7,36,37.3,38.7,40,41.3,41.3,42,42.7,43.3,44.7,45.3,46,47.3,48.7,49.3,49.3,50.7,52,52
Barbados,4.8,,,,,5.67,,,,,6.73,,,,,7.67,,,,,8.6,,,,,9.13,,,,,9.6,,,,,9.93,,,,,10.9,,,,,12.5,,,,,15.5,,,,,18.5,,,,,21.6,,,,,24.3,,,,,26.9,,,,,29.9,,,,,30.3,,,,,31.5,,,,,32.9,,,,,41,,,,,52.2,,,,,47.4,,,,,41.9,,,,,49,,,,,53.9,54.7,55.3,56,56.7,57.3,57.3,57.3,57.3,58,60,60,60.7,60.7,61.3,61.3,61.3,62,62,62,62.7,66,70,70,70,70,70.7,70.7
Brunei,,,,,,,,,,,,,,,,,,,,,,,,,,,,,,,,,,,,,,,,,,,,,,,,,,,,,,,,,,,,,,,,,,,,,,,,,,,,,,,,,11.5,,,,,13.3,,,,,15.3,,,,,17.6,,,,,23.1,,,,,28.5,,,,,40.7,,,,,44.2,,,,,50.1,50.7,51.3,52,53.3,54,54,54.7,54.7,54.7,55.3,55.3,56,56,56,56.7,56.7,57.3,58,58,58.7,58.7,59.3,59.3,60,60,60.7,60.7
Bhutan,,,,,,,,,,,,,,,,,,,,,,,,,,,,,,,,,,,,,,,,,,,,,,,,,,,,,,,,,,,,,,,,,,,,,,,,,,,,,,,,,,,,,,,,,,,,,,,,,,,,,,,,,,,,,,,,,,,,,,,,,,,,,,,,,,,,,,,,15.3,15.3,15.3,15.3,15.3,15.3,15.3,16.7,18.7,20.7,20.7,20.7,20.7
Botswana,,,,,,,,,,,,,,,,,,,,,,,,,,,,,,,,,,,,,,,,,,,,,,,,,,,,,,,,,,,,,,,,,,,,,,,,,,,,,,,,,8.53,,,,,8.6,,,,,8.67,,,,,8.8,,,,,8.93,,,,,14.7,,,,,15.3,,,,,26,,,,,36.8,38.7,40,41.3,43.3,44.7,46,47.3,48.7,49.3,50.7,51.3,52.7,53.3,54,55.3,56,56.7,57.3,58.7,59.3,59.3,60,60.7,61.3,61.3,62,62
Central African Republic,,,,,,,,,,,,,,,,,,,,,,,,,,,,,,,,,,,,,,,,,,,,,,,,,,,,,,,,,,,,,,,,,,,,,,,,,,,,,,,,,2.2,,,,,2.4,,,,,2.73,,,,,3.13,,,,,3.8,,,,,5,,,,,6.8,,,,,9.93,,,,,13.7,14,14.7,15.3,16,16,16.7,17.3,18,18.7,19.3,19.3,20,20.7,21.3,22,22,22.7,22.7,23.3,24,24.7,25.3,26.7,27.3,28,28.7,28.7
Canada,16.1,,,,,16.9,,,,,17.9,,,,,18.7,,,,,19.8,,,,,20.7,,,,,24.2,,,,,27.5,,,,,30.6,,,,,33.7,,,,,36.4,,,,,39.3,,,,,41.7,,,,,44.6,,,,,46.4,,,,,48.7,,,,,49.3,,,,,51.7,,,,,53.7,,,,,55.5,,,,,57.7,,,,,61.2,,,,,65.6,,,,,65.5,,,,,68.5,68.7,69.3,70,70.7,70.7,71.3,72,72,72.7,73.3,74.7,76.7,78,80,81.3,82,82.7,82.7,83.3,84,84.7,85.3,86,86.7,87.3,87.3,88.7
Switzerland,25.9,,,,,27,,,,,28.1,,,,,29.4,,,,,30.8,,,,,32.3,,,,,34,,,,,35.4,,,,,38.5,,,,,41.2,,,,,43.7,,,,,46.7,,,,,49.2,,,,,51.7,,,,,53.9,,,,,56.2,,,,,57.7,,,,,58.7,,,,,59.4,,,,,61.9,,,,,65.1,,,,,68.9,,,,,73.2,,,,,69.1,,,,,67.9,64.7,64.7,64.7,65.3,65.3,67.3,69.3,72,74,76,77.3,78,78.7,79.3,80,82,84,86,88.7,88.7,88.7,89.3,89.3,89.3,89.3,89.3,89.3
Chile,2.13,,,,,2.6,,,,,3.13,,,,,3.73,,,,,4.2,,,,,4.6,,,,,8.67,,,,,11.4,,,,,14.3,,,,,17.7,,,,,20.3,,,,,23.5,,,,,25.8,,,,,28.3,,,,,29.7,,,,,30.9,,,,,31.3,,,,,32.6,,,,,33.3,,,,,35.3,,,,,38.7,,,,,40,,,,,42.7,,,,,48.2,,,,,53.5,54,54.7,55.3,55.3,56,56.7,57.3,57.3,58,58.7,60,61.3,62.7,64,63.3,63.3,62.7,66,66,65.3,65.3,66,66,67.3,68.7,68.7,68.7
China,0.0667,,,,,0.0667,,,,,0.0667,,,,,0.0667,,,,,0.0667,,,,,0.0667,,,,,0.0667,,,,,0.0667,,,,,0.133,,,,,0.2,,,,,0.333,,,,,0.467,,,,,1,,,,,1.6,,,,,2.2,,,,,3.07,,,,,4.33,,,,,7.27,,,,,10.3,,,,,14.8,,,,,18.5,,,,,23.2,,,,,27.7,,,,,31.9,,,,,35.6,33.3,34.7,35.3,36.7,38,38.7,40,41.3,42,43.3,43.3,44,44.7,45.3,46,46,46.7,46.7,47.3,48.7,49.3,50,50,50.7,51.3,52,52
Cote d'Ivoire,0.0667,,,,,0.0667,,,,,0.0667,,,,,0.0667,,,,,0.0667,,,,,0.0667,,,,,0.0667,,,,,0.133,,,,,0.133,,,,,0.667,,,,,1.07,,,,,1.53,,,,,2,,,,,2.47,,,,,2.53,,,,,2.73,,,,,2.87,,,,,3.2,,,,,3.53,,,,,4.2,,,,,5.07,,,,,6.27,,,,,8.6,,,,,11.3,,,,,13.6,14,14.7,15.3,16,16.7,17.3,18.7,20,20.7,22,22,22.7,23.3,24,24.7,25.3,26,26.7,27.3,28,29.3,30,31.3,29.3,33.3,34,34.7
Cameroon,0.0667,,,,,0.0667,,,,,0.0667,,,,,0.0667,,,,,0.133,,,,,0.133,,,,,0.2,,,,,0.333,,,,,0.467,,,,,0.533,,,,,0.6,,,,,0.933,,,,,1.27,,,,,1.6,,,,,2.2,,,,,2.8,,,,,3.33,,,,,4.07,,,,,5.47,,,,,6.53,,,,,8.6,,,,,10.4,,,,,14.1,,,,,18.6,,,,,23.1,24,24.7,26,26.7,28,28.7,29.3,30.7,31.3,32,32.7,34,34,34,34,34.7,34.7,34.7,34.7,35.3,36.7,38,39.3,40,40.7,42,42
"Congo, Dem. Rep.",0.0667,,,,,0.0667,,,,,0.0667,,,,,0.0667,,,,,0.0667,,,,,0.0667,,,,,0.0667,,,,,0.133,,,,,0.2,,,,,0.267,,,,,0.333,,,,,0.333,,,,,0.6,,,,,0.8,,,,,1.2,,,,,1.53,,,,,2.13,,,,,2.73,,,,,3.4,,,,,4.33,,,,,5.47,,,,,6.8,,,,,8.53,,,,,11,,,,,15,16,16.7,18,18.7,19.3,20,20.7,20.7,21.3,22,23.3,24.7,26,27.3,28.7,30,32,33.3,34.7,36,37.3,38.7,40,41.3,42.7,44,45.3
"Congo, Rep.",,,,,,,,,,,,,,,,,,,,,,,,,,,,,,,,,,,,,,,,,,,,,,,,,,,,,,,,,,,,,,,,,,,,,,,,,,,,,,,,,2.67,,,,,2.8,,,,,3.87,,,,,4.73,,,,,7.67,,,,,10.1,,,,,16.3,,,,,21.6,,,,,29.3,30,31.3,32,33.3,34,34.7,35.3,36,36.7,36.7,37.3,38,38,38.7,38.7,39.3,39.3,40,40,40.7,41.3,41.3,42,42,42,42,42
Colombia,1.73,,,,,2,,,,,2.27,,,,,2.6,,,,,3,,,,,3.33,,,,,4.93,,,,,6.2,,,,,7.33,,,,,8.8,,,,,10.1,,,,,11.5,,,,,12.6,,,,,13.9,,,,,14.8,,,,,15.9,,,,,14.9,,,,,16.8,,,,,18.5,,,,,20.5,,,,,22.5,,,,,25.7,,,,,28.4,,,,,31.9,,,,,36.4,37.3,38,38.7,40,40.7,41.3,42,42,42.7,43.3,43.3,43.3,43.3,44,45.3,44.7,48,48.7,48.7,49.3,50,50.7,52,53.3,54,55.3,55.3
Comoros,,,,,,,,,,,,,,,,,,,,,,,,,,,,,,,,,,,,,,,,,,,,,,,,,,,,,,,,,,,,,,,,,,,,,,,,,,,,,,,,,,,,,,,,,,,,,,,,,,,,,,,,,,,,,,,,,,,,,,,,,,,,,,,,,,,,,,,18.7,20.7,22,23.3,24.7,26,28,29.3,30.7,31.3,32,32,32,32
Cape Verde,,,,,,,,,,,,,,,,,,,,,,,,,,,,,,,,,,,,,,,,,,,,,,,,,,,,,,,,,,,,,,,,,,,,,,,,,,,,,,,,,,,,,,,,,,,,,,,,,,,,,,,,,,,,,,,,,,,,,,,,,,,,,,,,,,,23.3,24.7,25.3,26.7,28,28.7,30,30.7,32,33.3,34,35.3,36,37.3,38.7,39.3,40.7,40.7
Costa Rica,1.53,,,,,1.93,,,,,2.33,,,,,2.8,,,,,3.6,,,,,4.4,,,,,8.07,,,,,11.1,,,,,13.5,,,,,16.2,,,,,18.3,,,,,20.1,,,,,21.4,,,,,22.7,,,,,23.2,,,,,23.9,,,,,23.4,,,,,23.7,,,,,24.6,,,,,25.7,,,,,24.1,,,,,29.9,,,,,35.4,,,,,40.3,,,,,44.8,46.7,47.3,48,48.7,49.3,50,51.3,52,52.7,53.3,53.3,53.3,52.7,52.7,52.7,52.7,54,56,56,55.3,56,56.7,56.7,57.3,58.7,58.7,58.7
Cuba,0.533,,,,,0.733,,,,,0.933,,,,,1.2,,,,,1.53,,,,,1.93,,,,,2.53,,,,,5.93,,,,,8.33,,,,,10.7,,,,,13.7,,,,,16,,,,,18.5,,,,,20.3,,,,,21.9,,,,,22.9,,,,,22.9,,,,,23.9,,,,,25.7,,,,,28.8,,,,,32.2,,,,,37.3,,,,,40.1,,,,,46.6,,,,,51.6,57.3,58.7,59.3,60.7,61.3,62,62.7,63.3,64,64,64.7,63.3,65.3,65.3,66,67.3,69.3,70.7,72,73.3,75.3,72,73.3,74.7,76,77.3,78.7
Cyprus,1.47,,,,,1.73,,,,,2.13,,,,,2.53,,,,,3.07,,,,,3.67,,,,,4.6,,,,,5.4,,,,,6.13,,,,,8.53,,,,,10.5,,,,,12.2,,,,,13.5,,,,,14.8,,,,,15.8,,,,,17.9,,,,,20.7,,,,,24.7,,,,,29.1,,,,,31.6,,,,,33.9,,,,,39.6,,,,,44.8,,,,,51.3,,,,,58,58.7,59.3,60,60.7,61.3,62.7,63.3,64.7,65.3,66.7,67.3,68,69.3,70,71.3,72.7,74.7,75.3,75.3,76.7,77.3,78.7,80,79.3,79.3,80.7,80.7
Czech Republic,20.3,,,,,20.5,,,,,21.3,,,,,22,,,,,22.7,,,,,23.5,,,,,24.3,,,,,25.1,,,,,27.3,,,,,29.2,,,,,30.9,,,,,33.8,,,,,36.3,,,,,38.8,,,,,40.5,,,,,42.7,,,,,53.8,,,,,54.8,,,,,53.9,,,,,59.2,,,,,63.7,,,,,65.7,,,,,68.2,,,,,69.7,,,,,72.5,56,57.3,59.3,60.7,62.7,64,66,67.3,69.3,70.7,72.7,74,76,77.3,79.3,80.7,81.3,81.3,82,82.7,83.3,82.7,84,85.3,84.7,84.7,84.7
Germany,13,,,,,14.4,,,,,15.8,,,,,17.4,,,,,18.9,,,,,20.4,,,,,21.9,,,,,23.2,,,,,24.3,,,,,25.1,,,,,29.2,,,,,32.9,,,,,36.5,,,,,39.9,,,,,42.9,,,,,44.7,,,,,44.7,,,,,49.8,,,,,50.2,,,,,51.2,,,,,51.4,,,,,50.5,,,,,50.9,,,,,50.3,,,,,58.5,59.3,60.7,62,63.3,64.7,65.3,66.7,68,68.7,74.7,78,80.7,83.3,86,88.7,90.7,91.3,91.3,92,92,92.7,93.3,93.3,93.3,94,94,94
Djibouti,,,,,,,,,,,,,,,,,,,,,,,,,,,,,,,,,,,,,,,,,,,,,,,,,,,,,,,,,,,,,,,,,,,,,,,,,,,,,,,,,,,,,,,,,,,,,,,,,,,,,,,,,,,,,,,,,,,,,,,,,,,,,,18.7,18.7,19.3,20,20.7,21.3,22,22.7,23.3,24,24.7,25.3,26,26,26,26.7,26.7,26.7,26.7,27.3,27.3,27.3,27.3
Dominica,,,,,,,,,,,,,,,,,,,,,,,,,,,,,,,,,,,,,,,,,,,,,,,,,,,,,,,,,,,,,,,,,,,,,,,,,,,,,,,,,,,,,,,,,,,,,,,,,,,,,,,,,,,,,,,,,,,,,,,,,,,,,,,,,,,52,52,52,52,52,52,52,52,52,52,52,52,52.7,52.7,52.7,52.7,52,52
Denmark,15.9,,,,,16.3,,,,,16.7,,,,,17,,,,,17.4,,,,,17.9,,,,,18.4,,,,,18.9,,,,,19.3,,,,,21,,,,,22.9,,,,,25.2,,,,,27.5,,,,,30.1,,,,,32.6,,,,,35,,,,,35.9,,,,,27.9,,,,,30.4,,,,,33.4,,,,,38.6,,,,,43,,,,,48.7,,,,,53.5,,,,,59.7,61.3,62,63.3,64.7,66,67.3,68,69.3,70.7,71.3,76,80.7,85.3,85.3,85.3,85.3,83.3,86,84.7,84.7,84.7,85.3,88,85.3,83.3,84,84
Dominican Republic,0.2,,,,,0.333,,,,,0.533,,,,,0.8,,,,,1.07,,,,,1.4,,,,,1.6,,,,,1.8,,,,,5.6,,,,,8.13,,,,,10.5,,,,,12.3,,,,,13.7,,,,,14.7,,,,,15.3,,,,,16,,,,,16,,,,,16.1,,,,,16.1,,,,,17.5,,,,,20.3,,,,,23,,,,,26.5,,,,,30.1,,,,,34.3,34,35.3,36.7,38,38.7,40,40.7,41.3,42,42.7,43.3,44.7,45.3,46,46.7,47.3,48,48,48,48.7,49.3,50,50.7,52,52,52,52
Algeria,0.533,,,,,0.6,,,,,0.8,,,,,1,,,,,1.2,,,,,1.47,,,,,1.67,,,,,2.8,,,,,3.6,,,,,4.4,,,,,4.93,,,,,5.47,,,,,5.73,,,,,6,,,,,6.07,,,,,6,,,,,6,,,,,6,,,,,4.8,,,,,4.27,,,,,5.2,,,,,7.87,,,,,11.5,,,,,16.7,,,,,22.5,25.3,26.7,28.7,30,31.3,33.3,34.7,36,38,39.3,40.7,42,43.3,44.7,46,46.7,48,44.7,46,47.3,49.3,50.7,52,52.7,52.7,53.3,53.3
Ecuador,0.867,,,,,1.13,,,,,1.4,,,,,1.73,,,,,2.13,,,,,2.67,,,,,4.6,,,,,5.93,,,,,7.2,,,,,8.73,,,,,10,,,,,11.3,,,,,12.5,,,,,13.6,,,,,14.2,,,,,15.2,,,,,15.9,,,,,17.5,,,,,19.8,,,,,22.9,,,,,25.8,,,,,28.5,,,,,35.9,,,,,39,,,,,42.9,44.7,44.7,45.3,46,46,46,46,46,46,46.7,46.7,47.3,47.3,48,48.7,48.7,48.7,52.7,52.7,52.7,53.3,54,55.3,56.7,56,58,58
Egypt,0.0667,,,,,0.133,,,,,0.133,,,,,0.2,,,,,0.2,,,,,0.267,,,,,0.4,,,,,0.533,,,,,0.667,,,,,0.867,,,,,1.2,,,,,1.53,,,,,1.8,,,,,2,,,,,2.53,,,,,2.93,,,,,3.27,,,,,3.67,,,,,4.6,,,,,5.27,,,,,6.87,,,,,8.67,,,,,13.7,,,,,19.8,,,,,23.4,24,24.7,25.3,26,26.7,28,28.7,30,30.7,32,32.7,34,35.3,36,37.3,38.7,40,41.3,42.7,43.3,44.7,45.3,46,46.7,47.3,48,48
Eritrea,,,,,,,,,,,,,,,,,,,,,,,,,,,,,,,,,,,,,,,,,,,,,,,,,,,,,,,,,,,,,,,,,,,,,,,,,,,,,,,,,,,,,,,,,,,,,,,,,,,,,,,,,,,,,,,,,,,,,,,,,,,,,,,,,,,,,,,,24.7,24.7,25.3,25.3,25.3,26,26,26,26,26,26,26,26.7
Spain,8.33,,,,,9.4,,,,,11.7,,,,,14.2,,,,,16.3,,,,,18.5,,,,,20.5,,,,,22.2,,,,,23.5,,,,,24.1,,,,,23.2,,,,,22.1,,,,,21,,,,,20.7,,,,,20.3,,,,,21.4,,,,,23.1,,,,,23,,,,,24.8,,,,,27.2,,,,,28.9,,,,,34.2,,,,,38.3,,,,,40.9,,,,,43.5,42.7,44.7,47.3,49.3,51.3,52.7,53.3,54,54.7,56,56.7,56.7,57.3,57.3,59.3,60,60.7,61.3,62,62.7,63.3,63.3,63.3,64.7,64.7,65.3,65.3
Estonia,,,,,,,,,,,,,,,,,,,,,,,,,,,,,,,,,,,,,,,,,,,,,,,,,,,,,,,,,,,,,,,,,,,,,,,,,,,,,,,,,40.7,,,,,42.4,,,,,44,,,,,46.4,,,,,48.3,,,,,52.5,,,,,55.5,,,,,58.9,,,,,62.1,63.3,65.3,66.7,68.7,70,71.3,73.3,74.7,76.7,78,78.7,79.3,79.3,80,80.7,81.3,81.3,82,82.7,83.3,83.3,83.3,84,84,84.7,84,84.7
Ethiopia,,,,,,,,,,,,,,,,,,,,,,,,,,,,,,,,,,,,,,,,,,,,,,,,,,,,,,,,,,,,,,,,,,,,,,,,,,,,,,,,,,,,,,,,,,,,,,,,,,,,,,,,,,,,,,,,,,,,,,,,,,,,,,,,,,,10,10.7,11.3,11.3,12,12.7,13.3,14,14.7,15.3,15.3,16,16,16.7,16.7,17.3,18,18
Finland,0.667,,,,,0.8,,,,,0.933,,,,,1.13,,,,,1.4,,,,,1.8,,,,,5.33,,,,,8.33,,,,,11.5,,,,,14.1,,,,,16.7,,,,,19.1,,,,,21.2,,,,,23.3,,,,,24,,,,,24.7,,,,,25.5,,,,,26.2,,,,,26.9,,,,,31.3,,,,,36,,,,,42.2,,,,,49.3,,,,,48.9,,,,,49.7,51.3,52.7,54.7,56,57.3,58.7,59.3,60,61.3,62,62.7,63.3,64,79.3,80,80,80,81.3,81.3,82,82,82.7,82,82.7,82.7,82.7,82.7
Fiji,0.0667,,,,,0.0667,,,,,0.0667,,,,,0.0667,,,,,0.0667,,,,,0.0667,,,,,0.133,,,,,0.267,,,,,0.4,,,,,1.87,,,,,3.13,,,,,6.53,,,,,9,,,,,11.2,,,,,13.7,,,,,16.5,,,,,19.7,,,,,21.9,,,,,25.7,,,,,29,,,,,31.2,,,,,34.1,,,,,39.7,,,,,45,,,,,55.8,58,59.3,61.3,63.3,65.3,65.3,64.7,64.7,64,64,63.3,62.7,62,62,61.3,62,62,62.7,63.3,64,65.3,67.3,68.7,70,72,72,72
France,4.4,,,,,4.6,,,,,4.87,,,,,5.93,,,,,8.33,,,,,10.8,,,,,13.1,,,,,15.4,,,,,17.9,,,,,20.1,,,,,22.4,,,,,24.2,,,,,25.3,,,,,26.1,,,,,27.5,,,,,28.5,,,,,28.7,,,,,29.5,,,,,27.3,,,,,29.9,,,,,33.1,,,,,36.5,,,,,39.7,,,,,44.1,,,,,48.9,50,52,54,56,58.7,60,61.3,62.7,64,65.3,66.7,67.3,68,68.7,69.3,70.7,71.3,71.3,72,72.7,72.7,73.3,74.7,76,76.7,76.7,76.7
Gabon,,,,,,,,,,,,,,,,,,,,,,,,,,,,,,,,,,,,,,,,,,,,,,,,,,,,,,,,,,,,,,,,,,,,,,,,,,,,,,,,,2.87,,,,,2.93,,,,,3.47,,,,,4.4,,,,,6.67,,,,,9.2,,,,,15.7,,,,,21.7,,,,,28.8,30,31.3,32.7,33.3,34.7,36,37.3,38.7,40,41.3,42,43.3,44,45.3,46,46.7,48,48.7,49.3,50.7,51.3,52,54,54,54,54.7,54.7
UK,5.33,,,,,5.93,,,,,6.53,,,,,7.07,,,,,8.33,,,,,10.3,,,,,13.1,,,,,15.7,,,,,20.2,,,,,24.1,,,,,27.5,,,,,30.9,,,,,33.8,,,,,36.3,,,,,38.1,,,,,40.2,,,,,40.7,,,,,41.9,,,,,43.3,,,,,46.5,,,,,50.3,,,,,53,,,,,54.2,,,,,55.9,,,,,59.2,57.3,62,66.7,71.3,76,76,76.7,76.7,77.3,78,78.7,79.3,80,80.7,81.3,82.7,84,85.3,87.3,88,86.7,86,84,84.7,85.3,86,86
Georgia,,,,,,,,,,,,,,,,,,,,,,,,,,,,,,,,,,,,,,,,,,,,,,,,,,,,,,,,,,,,,,,,,,,,,,,,,,,,,,,,,,,,,,,,,,,,,,,,,,,,,,,,,,,,,,,,,,,,,,,,,,,,,,,,,,,78,78.7,79.3,80,80,80.7,80.7,80.7,81.3,81.3,81.3,81.3,83.3,84,84,84.7,85.3,85.3
Ghana,0.0667,,,,,0.0667,,,,,0.0667,,,,,0.133,,,,,0.133,,,,,0.2,,,,,0.2,,,,,0.267,,,,,0.733,,,,,1.07,,,,,1.33,,,,,1.6,,,,,1.73,,,,,2.6,,,,,3.27,,,,,3.87,,,,,4.07,,,,,4.4,,,,,4.73,,,,,7.8,,,,,12,,,,,16,,,,,20.5,,,,,26.8,,,,,32.7,34,34.7,36,36.7,38,38.7,38.7,39.3,40,40.7,41.3,41.3,42,42.7,42.7,43.3,43.3,44,44.7,44.7,45.3,45.3,46,46,46,47.3,47.3
Guinea,,,,,,,,,,,,,,,,,,,,,,,,,,,,,,,,,,,,,,,,,,,,,,,,,,,,,,,,,,,,,,,,,,,,,,,,,,,,,,,,,,,,,,,,,,,,,,,,,,,,,,,,,,,,,,,,,,,,,,,,,,8,8,8.67,8.67,8.67,9.33,9.33,9.33,9.33,10,10,10,10,10.7,10.7,10.7,10.7,10.7,10.7,10.7,13.3,16,17.3,17.3,17.3,17.3,17.3
Gambia,0.267,,,,,0.333,,,,,0.4,,,,,0.467,,,,,0.6,,,,,0.733,,,,,0.933,,,,,1.13,,,,,1.4,,,,,1.47,,,,,1.53,,,,,1.6,,,,,1.67,,,,,1.8,,,,,2,,,,,2.2,,,,,2.2,,,,,2.33,,,,,2.53,,,,,2.6,,,,,2.87,,,,,3.07,,,,,4.53,,,,,6.33,,,,,8.27,9.33,10,10.7,11.3,12,12,12.7,12.7,13.3,13.3,14,14,14.7,15.3,16,16.7,16.7,17.3,18,18.7,19.3,20.7,21.3,22,22.7,22.7,23.3
Guinea-Bissau,,,,,,,,,,,,,,,,,,,,,,,,,,,,,,,,,,,,,,,,,,,,,,,,,,,,,,,,,,,,,,,,,,,,,,,,,,,,,,,,,,,,,,,,,,,,,,,,,,,,,,,,,,,,,,,,,,,,,,,,,,,,,,,,,,,,,,,,15.3,15.3,15.3,16,16.7,17.3,18,18.7,18.7,19.3,19.3,20,20
Equatorial Guinea,,,,,,,,,,,,,,,,,,,,,,,,,,,,,,,,,,,,,,,,,,,,,,,,,,,,,,,,,,,,,,,,,,,,,,,,,,,,,,,,,,,,,,,,,,,,,,,,,,,,,,,,,,,,,,,,,,,,,,,,,,,,,,,,,,,36,36,36,36,36,36,36,36,36,36.7,36.7,36.7,36.7,36.7,36.7,36.7,36.7,36.7
Greece,4.27,,,,,5.07,,,,,5.8,,,,,6.6,,,,,7.4,,,,,8.27,,,,,9.73,,,,,10.9,,,,,12.1,,,,,13.8,,,,,15.2,,,,,17.7,,,,,19.9,,,,,22.6,,,,,24.7,,,,,27.4,,,,,25.3,,,,,33.6,,,,,45.7,,,,,40.5,,,,,40.3,,,,,41.8,,,,,43.7,,,,,48.5,,,,,52.6,52.7,53.3,54,54,54.7,55.3,55.3,56,56.7,57.3,58.7,60.7,62,64,65.3,66,66.7,67.3,67.3,68.7,68.7,68.7,69.3,70,70.7,72,72
Grenada,,,,,,,,,,,,,,,,,,,,,,,,,,,,,,,,,,,,,,,,,,,,,,,,,,,,,,,,,,,,,,,,,,,,,,,,,,,,,,,,,,,,,,,,,,,,,,,,,,,,,,,,,,,,,,,,,,,,,,,,,,,,,,,,,,,,,49.3,50.7,51.3,52,52.7,53.3,54,54.7,55.3,56,56,56.7,57.3,58,58,58
Guatemala,1.13,,,,,1.33,,,,,1.67,,,,,2,,,,,2.4,,,,,2.87,,,,,4.27,,,,,5.13,,,,,6,,,,,7.6,,,,,8.67,,,,,8.4,,,,,8.47,,,,,8.73,,,,,8.8,,,,,9,,,,,8.13,,,,,8.33,,,,,8.33,,,,,8.47,,,,,9,,,,,10.3,,,,,15.7,,,,,18.1,,,,,20.3,21.3,22,22,22.7,23.3,23.3,24,24,24,24.7,25.3,25.3,24.7,24,23.3,24.7,26,28.7,30.7,32.7,35.3,30.7,31.3,42.7,42,43.3,43.3
Guyana,1,,,,,1.4,,,,,2,,,,,3.27,,,,,5.13,,,,,7,,,,,8.6,,,,,10.1,,,,,11.9,,,,,13.2,,,,,15.3,,,,,17.2,,,,,18.8,,,,,20.2,,,,,21.5,,,,,22.7,,,,,27,,,,,29.5,,,,,30.5,,,,,31.9,,,,,33.1,,,,,35.8,,,,,38.8,,,,,42.1,,,,,45.1,46,46.7,46.7,47.3,48,48.7,49.3,50,50.7,51.3,52,52,52,52.7,52.7,52.7,53.3,53.3,53.3,54,54.7,55.3,55.3,56,56,56,56
"Hong Kong, China",0.0667,,,,,0.0667,,,,,0.0667,,,,,0.133,,,,,0.333,,,,,0.6,,,,,1,,,,,1.73,,,,,2.53,,,,,5.07,,,,,7.13,,,,,9.07,,,,,12.6,,,,,15.4,,,,,19.6,,,,,22.9,,,,,25.1,,,,,26.5,,,,,29.5,,,,,31.6,,,,,34.3,,,,,37.9,,,,,44.9,,,,,50.9,,,,,57,57.3,57.3,58,58,58.7,58.7,58.7,58.7,58.7,58.7,60.7,63.3,65.3,68,70,73.3,72.7,75.3,76,76.7,76,77.3,77.3,79.3,80,80,80
Honduras,1.2,,,,,1.47,,,,,1.8,,,,,2.27,,,,,2.73,,,,,3.33,,,,,4,,,,,4.73,,,,,6.2,,,,,7.4,,,,,8.4,,,,,9.2,,,,,9.8,,,,,10.1,,,,,10.4,,,,,10.6,,,,,10.7,,,,,11.1,,,,,11.3,,,,,11.5,,,,,12.7,,,,,13.9,,,,,19.2,,,,,24.7,,,,,28.5,23.3,24,24.7,25.3,26,26,26.7,27.3,28,28.7,29.3,30,30.7,30.7,31.3,32,33.3,34,34.7,36,37.3,36.7,38.7,41.3,42,43.3,43.3
Croatia,,,,,,,,,,,,,,,,,,,,,,,,,,,,,,,,,,,,,,,,,,,,,,,,,,,,,,,,,,,,,,,,,,,,,,,,,,,,,,,,,36.3,,,,,38.9,,,,,40.8,,,,,43,,,,,44.9,,,,,49.4,,,,,52.3,,,,,55.5,,,,,57.9,42,43.3,45.3,47.3,48.7,52,54.7,57.3,60,62.7,65.3,65.3,65.3,64.7,64.7,66,67.3,68.7,70.7,72,73.3,73.3,73.3,74,74.7,75.3,75.3
Haiti,0.0667,,,,,0.0667,,,,,0.0667,,,,,0.0667,,,,,0.0667,,,,,0.0667,,,,,0.733,,,,,1.2,,,,,1.73,,,,,2.2,,,,,2.6,,,,,2.87,,,,,3.07,,,,,3.27,,,,,3.33,,,,,3.53,,,,,3.73,,,,,3.93,,,,,4.4,,,,,5.13,,,,,6,,,,,7.8,,,,,9.6,,,,,14.7,,,,,17.9,18.7,19.3,20,20.7,21.3,22,22.7,23.3,24,25.3,26,26.7,27.3,28,28.7,29.3,30,30.7,31.3,31.3,32,32.7,33.3,34,34.7,34.7,35.3
Hungary,10.3,,,,,11.6,,,,,12.8,,,,,14.2,,,,,16.1,,,,,18.1,,,,,20.2,,,,,22.5,,,,,24.9,,,,,27.4,,,,,30,,,,,32.8,,,,,35.3,,,,,37.9,,,,,40.6,,,,,43.9,,,,,46.3,,,,,47.5,,,,,48.4,,,,,49.5,,,,,52.1,,,,,54.9,,,,,57.9,,,,,58.7,,,,,57.9,60,62,64.7,66.7,68.7,68.7,68.7,68.7,68,68,68.7,68.7,70,70.7,72.7,74,75.3,76.7,78,79.3,80,81.3,80,78.7,78.7,79.3,79.3
Indonesia,0.0667,,,,,0.0667,,,,,0.0667,,,,,0.0667,,,,,0.0667,,,,,0.133,,,,,0.133,,,,,0.2,,,,,0.6,,,,,0.933,,,,,1.27,,,,,1.73,,,,,2.13,,,,,2.87,,,,,3.47,,,,,4.47,,,,,4.93,,,,,6.07,,,,,7.4,,,,,10.8,,,,,15.1,,,,,17.2,,,,,20.6,,,,,21.5,,,,,21.9,23.3,24.7,26,26.7,28,31.3,34.7,38,41.3,44.7,46,46.7,48,48.7,49.3,52.7,47.3,47.3,49.3,49.3,50.7,50.7,52,52,52.7,53.3,53.3
India,0.133,,,,,0.2,,,,,0.2,,,,,0.267,,,,,0.4,,,,,0.533,,,,,0.8,,,,,1,,,,,1.67,,,,,2.33,,,,,3,,,,,3.67,,,,,4.47,,,,,5.07,,,,,5.53,,,,,6.07,,,,,6.13,,,,,6.6,,,,,6.27,,,,,7.67,,,,,8.27,,,,,10.1,,,,,12.5,,,,,15.9,,,,,19.7,20.7,21.3,22,22.7,23.3,24.7,26,26.7,28,29.3,30,30.7,31.3,31.3,32,32.7,33.3,34.7,35.3,36,36,37.3,38.7,40.7,42,42.7,42.7
Ireland,4.13,,,,,4.67,,,,,5.27,,,,,6,,,,,6.8,,,,,7.8,,,,,9.07,,,,,10.5,,,,,12.2,,,,,14.4,,,,,16.9,,,,,19.5,,,,,23.1,,,,,27,,,,,31.8,,,,,36.5,,,,,40.6,,,,,41.9,,,,,43.6,,,,,45.8,,,,,46.7,,,,,50.9,,,,,56,,,,,61.7,,,,,64.9,66,66.7,67.3,68.7,69.3,70,70.7,71.3,72,72,73.3,74.7,76,77.3,78,78.7,79.3,80,80.7,81.3,72.7,75.3,78.7,82,82,83.3,83.3
Iran,0.0667,,,,,0.0667,,,,,0.0667,,,,,0.0667,,,,,0.0667,,,,,0.0667,,,,,0.0667,,,,,0.133,,,,,0.2,,,,,0.267,,,,,0.4,,,,,0.533,,,,,0.867,,,,,1.07,,,,,1.6,,,,,2,,,,,2.27,,,,,3.07,,,,,4,,,,,5.67,,,,,7.8,,,,,10.9,,,,,15.3,,,,,21.4,,,,,28.1,29.3,30.7,32,34,35.3,36.7,37.3,38.7,40,41.3,42.7,43.3,44.7,46,46.7,60.7,59.3,57.3,58.7,60,61.3,63.3,65.3,65.3,65.3,65.3,65.3
Iraq,0.0667,,,,,0.0667,,,,,0.0667,,,,,0.0667,,,,,0.0667,,,,,0.0667,,,,,0.0667,,,,,0.0667,,,,,0.133,,,,,0.133,,,,,0.2,,,,,0.2,,,,,0.333,,,,,0.4,,,,,0.6,,,,,0.8,,,,,1.2,,,,,1.4,,,,,2.13,,,,,2.67,,,,,4.33,,,,,6.8,,,,,10.7,,,,,15.1,,,,,21.3,22.7,24,25.3,26.7,28,28.7,30,31.3,32.7,33.3,34.7,36,36.7,38,38.7,39.3,40.7,41.3,42,42.7,44,44,44,44,44,44.7,45.3
Iceland,4.93,,,,,5.27,,,,,5.8,,,,,6.4,,,,,7.07,,,,,7.8,,,,,8.6,,,,,9.47,,,,,13.3,,,,,16.8,,,,,20.1,,,,,23.4,,,,,26.3,,,,,29.2,,,,,31.9,,,,,34.5,,,,,36,,,,,37.6,,,,,38.8,,,,,40.9,,,,,43.4,,,,,46.3,,,,,49.8,,,,,53.1,,,,,56.4,57.3,57.3,58,58.7,59.3,60,60.7,61.3,62,62.7,64,64.7,65.3,66,66.7,68,68.7,69.3,70,70.7,73.3,76.7,79.3,81.3,81.3,82.7,82.7
Israel,,,,,,,,,,,,,,,,,,,,,,,,,,,,,,,,,,,,,,,,,,,,,,,,,,,,,,,,,,,,,,,,,,,,,,,,,,,,,,,,,48.4,,,,,49.2,,,,,49.6,,,,,51.7,,,,,55.1,,,,,60.5,,,,,66.2,,,,,69.4,,,,,73.5,73.3,74,75.3,76,77.3,78,78.7,78.7,79.3,80,80.7,80.7,81.3,81.3,82,80.7,83.3,84,84,84,84.7,85.3,85.3,86,86.7,86.7,86.7
Italy,5.13,,,,,5.67,,,,,6.2,,,,,6.8,,,,,7.67,,,,,8.6,,,,,9.8,,,,,11.2,,,,,12.6,,,,,14.5,,,,,16.3,,,,,18.4,,,,,20.4,,,,,22.5,,,,,24.1,,,,,26.3,,,,,26.9,,,,,28.9,,,,,30.7,,,,,32.5,,,,,34.5,,,,,37.9,,,,,41.3,,,,,44.6,,,,,48.6,49.3,50,51.3,52,52.7,54,54.7,55.3,56,57.3,58,58.7,59.3,60.7,61.3,62,62.7,63.3,64,64.7,65.3,66,68.7,67.3,68,68,68
Jamaica,3.53,,,,,4,,,,,4.67,,,,,5.47,,,,,6.53,,,,,8.13,,,,,10.1,,,,,12.3,,,,,14.4,,,,,16.1,,,,,17.5,,,,,18.9,,,,,20,,,,,20.9,,,,,21.5,,,,,22.3,,,,,22.7,,,,,23.5,,,,,24.3,,,,,26.6,,,,,29.5,,,,,31.6,,,,,35.1,,,,,38.9,,,,,43.1,39.3,40.7,41.3,42.7,44,44.7,46,46.7,48,48.7,50,51.3,52,53.3,54,55.3,56,57.3,58.7,59.3,60,61.3,62.7,64,64,65.3,65.3
Jordan,0.0667,,,,,0.0667,,,,,0.0667,,,,,0.0667,,,,,0.133,,,,,0.133,,,,,0.2,,,,,0.2,,,,,0.867,,,,,1.33,,,,,1.8,,,,,2.13,,,,,2.47,,,,,2.73,,,,,4.07,,,,,5.13,,,,,6.2,,,,,8.07,,,,,9.47,,,,,11.9,,,,,15,,,,,18.5,,,,,20.4,,,,,27.1,,,,,35,39.3,45.3,50.7,56.7,62,62,62.7,62.7,63.3,63.3,64,64,64.7,64.7,64.7,65.3,65.3,65.3,66,65.3,66,66,66,67.3,68.7,69.3,69.3
Japan,2.8,,,,,3.33,,,,,3.93,,,,,4.67,,,,,6.93,,,,,6.93,,,,,8.6,,,,,10.7,,,,,12.9,,,,,15.2,,,,,18.4,,,,,22.1,,,,,25.9,,,,,30.4,,,,,34.1,,,,,37.9,,,,,39.4,,,,,43.4,,,,,46.5,,,,,46.3,,,,,47.2,,,,,52.7,,,,,58.1,,,,,61.7,,,,,64.1,64.7,65.3,66.7,67.3,68,68.7,69.3,70,70.7,71.3,72,72.7,73.3,74,74.7,74.7,75.3,76,76,76.7,78.7,80,81.3,83.3,83.3,84.7,85.3
Kazakhstan,,,,,,,,,,,,,,,,,,,,,,,,,,,,,,,,,,,,,,,,,,,,,,,,,,,,,,,,,,,,,,,,,,,,,,,,,,,,,,,,,14.9,,,,,18,,,,,20.5,,,,,26.2,,,,,29.7,,,,,35.7,,,,,42,,,,,48.5,,,,,53.7,55.3,56.7,58.7,60,62,63.3,65.3,66.7,68,70,71.3,73.3,74.7,76.7,78,78,77.3,76.7,76.7,76,76.7,76.7,77.3,78,78,78,78.7
Kenya,0.0667,,,,,0.0667,,,,,0.0667,,,,,0.0667,,,,,0.0667,,,,,0.133,,,,,0.133,,,,,0.2,,,,,1.2,,,,,2,,,,,2.67,,,,,3.27,,,,,3.8,,,,,4.2,,,,,4.6,,,,,5.6,,,,,6.07,,,,,7.13,,,,,8.07,,,,,8.53,,,,,9.67,,,,,12.4,,,,,16.6,,,,,20.6,,,,,24.8,26,26.7,28,29.3,30,31.3,32,33.3,34,35.3,36,36.7,37.3,38,38.7,39.3,40,40,40.7,40.7,41.3,41.3,42,42,42,42.7,43.3
Kyrgyz Republic,,,,,,,,,,,,,,,,,,,,,,,,,,,,,,,,,,,,,,,,,,,,,,,,,,,,,,,,,,,,,,,,,,,,,,,,,,,,,,,,,23.8,,,,,26.2,,,,,28.3,,,,,32.3,,,,,35.5,,,,,40.2,,,,,46,,,,,52.3,,,,,57.1,58,58.7,59.3,60,60.7,61.3,62.7,63.3,65.3,65.3,66,66.7,66.7,67.3,68,68,68.7,68.7,69.3,70.7,70.7,71.3,71.3,72,72,72.7,72.7
Cambodia,0.0667,,,,,0.0667,,,,,0.0667,,,,,0.0667,,,,,0.0667,,,,,0.0667,,,,,0.0667,,,,,0.0667,,,,,0.0667,,,,,0.0667,,,,,0.0667,,,,,0.0667,,,,,0.133,,,,,0.2,,,,,0.2,,,,,0.333,,,,,1.6,,,,,3,,,,,4.47,,,,,6.13,,,,,8.27,,,,,10.9,,,,,14.1,,,,,16.8,,,,,17.9,18,18.7,18.7,19.3,20,20,20.7,20.7,21.3,21.3,22,22,22.7,23.3,23.3,24,24.7,26,24.7,29.3,29.3,30,30.7,31.3,31.3,31.3,32
Kiribati,,,,,,,,,,,,,,,,,,,,,,,,,,,,,,,,,,,,,,,,,,,,,,,,,,,,,,,,,,,,,,,,,,,,,,,,,,,,,,,,,,,,,,,,,,,,,,,,,,,,,,,,,,,,,,,,,,,,,,,,,,,,,,,,,,,45.3,46,46.7,47.3,48,48.7,49.3,50,50.7,52,52.7,52.7,52.7,52.7,52.7,52.7,52.7,52.7
St. Kitts and Nevis,,,,,,,,,,,,,,,,,,,,,,,,,,,,,,,,,,,,,,,,,,,,,,,,,,,,,,,,,,,,,,,,,,,,,,,,,,,,,,,,,,,,,,,,,,,,,,,,,,,,,,,,,,,,,,,,,,,,,,,,,,,,,,,,,,,,,,,,48,48.7,49.3,50.7,51.3,52,53.3,54,55.3,56,56,56,56
South Korea,0.0667,,,,,0.0667,,,,,0.0667,,,,,0.0667,,,,,0.0667,,,,,0.0667,,,,,0.0667,,,,,3,,,,,5.13,,,,,7.2,,,,,11.3,,,,,14.7,,,,,17.7,,,,,20.5,,,,,22.8,,,,,24.2,,,,,26.5,,,,,29.1,,,,,20.8,,,,,28.4,,,,,34.7,,,,,41.1,,,,,47.3,,,,,53.7,,,,,60.7,,,,,,,,,,,,,,,,,,,,,,,,,,,
Kuwait,0.0667,,,,,0.0667,,,,,0.0667,,,,,0.0667,,,,,0.0667,,,,,0.0667,,,,,0.0667,,,,,0.0667,,,,,0.0667,,,,,0.6,,,,,1,,,,,1.33,,,,,1.53,,,,,3.07,,,,,4.2,,,,,6.6,,,,,7.87,,,,,11.1,,,,,14,,,,,17.5,,,,,19.3,,,,,20.1,,,,,28.5,,,,,35.1,,,,,36.7,36.7,37.3,38,38,38.7,39.3,40,40,40.7,41.3,41.3,40.7,40.7,40.7,38.7,41.3,42,43.3,44,45.3,46.7,48,44.7,46,47.3,48,48.7
Lao,,,,,,,,,,,,,,,,,,,,,,,,,,,,,,,,,,,,,,,,,,,,,,,,,,,,,,,,,,,,,,,,,,,,,,,,,,,,,,,,,4.73,,,,,5.53,,,,,6.47,,,,,7.8,,,,,9.33,,,,,11.5,,,,,14.3,,,,,16.8,,,,,20.6,21.3,22,22.7,23.3,24,24,24.7,25.3,25.3,26,26.7,26.7,27.3,28,28,28.7,29.3,29.3,30,30.7,32,33.3,34,33.3,34,34.7,34.7
Lebanon,,,,,,,,,,,,,,,,,,,,,,,,,,,,,,,,,,,,,,,,,,,,,,,,,,,,,,,,,,,,,,,,,,,,,,,,,,,,,,,,,,,,,,,,,,,,,,,,,,,,,,,,,,,,,,,,,,,,,,,,,,,,,,,,,,,,,,,,50,50.7,52,52,52.7,52.7,53.3,54,55.3,56,56.7,57.3,58
Liberia,0.2,,,,,0.267,,,,,0.333,,,,,0.4,,,,,0.533,,,,,0.667,,,,,0.8,,,,,1,,,,,1.67,,,,,2.13,,,,,2.6,,,,,2.93,,,,,3.27,,,,,3.47,,,,,3.67,,,,,3.8,,,,,3.8,,,,,3.8,,,,,3.8,,,,,5.13,,,,,6.6,,,,,7.8,,,,,10.3,,,,,13.5,,,,,17.3,18,18.7,19.3,20,20.7,21.3,21.3,22,22.7,23.3,23.3,24,24.7,24.7,25.3,25.3,26,26.7,26.7,27.3,28,28.7,29.3,29.3,29.3,30,31.3
Libya,0.0667,,,,,0.0667,,,,,0.0667,,,,,0.0667,,,,,0.0667,,,,,0.0667,,,,,0.0667,,,,,0.0667,,,,,0.0667,,,,,0.4,,,,,0.6,,,,,0.8,,,,,1.33,,,,,1.8,,,,,2.2,,,,,2.53,,,,,2.6,,,,,2.8,,,,,3.6,,,,,4.2,,,,,6.67,,,,,8.87,,,,,14.9,,,,,21.3,,,,,25.4,26.7,28,28.7,30,31.3,32.7,33.3,34.7,36,37.3,38.7,39.3,40.7,42,42.7,44,45.3,46.7,47.3,48.7,48.7,48.7,48.7,48.7,48.7,48.7,48.7
St. Lucia,,,,,,,,,,,,,,,,,,,,,,,,,,,,,,,,,,,,,,,,,,,,,,,,,,,,,,,,,,,,,,,,,,,,,,,,,,,,,,,,,,,,,,,,,,,,,,,,,,,,,,,,,,,,,,,,,,,,,,,,,,,,,,,,,,,46.7,47.3,48,48.7,49.3,50,50.7,51.3,52,52.7,56,56,56,56,58,59.3,59.3,59.3
Liechtenstein,,,,,,,,,,,,,,,,,,,,,,,,,,,,,,,,,,,,,,,,,,,,,,,,,,,,,,,,,,,,,,,,,,,,,,,,,,,,,,,,,,,,,,,,,,,,,,,,,,,,,,,,,,,,,,,,,,,,,,,,,,61.3,61.3,62,62,62,63.3,64.7,66,67.3,68,69.3,70,71.3,72,73.3,74.7,76,78,78.7,80.7,81.3,82,82.7,82.7,82.7,83.3,83.3
Sri Lanka,1.07,,,,,1.07,,,,,1.13,,,,,1.2,,,,,1.4,,,,,1.73,,,,,2.27,,,,,2.87,,,,,3.6,,,,,6.07,,,,,8.07,,,,,9.93,,,,,12.5,,,,,14.5,,,,,16.9,,,,,18.7,,,,,19.6,,,,,21.2,,,,,23.1,,,,,24.7,,,,,35.5,,,,,38.5,,,,,40.9,,,,,46.2,,,,,51.9,56.7,57.3,58.7,59.3,60.7,62,62.7,64,65.3,66.7,68,68,68,68.7,69.3,70,70.7,73.3,72.7,72,72,72.7,72.7,72.7,72.7,72.7,72.7
Lesotho,0.133,,,,,0.2,,,,,0.267,,,,,0.4,,,,,0.533,,,,,0.8,,,,,1.13,,,,,1.6,,,,,2.2,,,,,3.53,,,,,4.53,,,,,5.4,,,,,7.4,,,,,8.93,,,,,11.1,,,,,12.8,,,,,14.3,,,,,16,,,,,17.7,,,,,18.5,,,,,21.2,,,,,22.7,,,,,24.6,,,,,27.5,,,,,31.1,30,30,30,30.7,30.7,31.3,31.3,32,32,32.7,33.3,34,34,34.7,35.3,36,36.7,36,39.3,37.3,38.7,39.3,40,40.7,40.7,42,42
Lithuania,,,,,,,,,,,,,,,,,,,,,,,,,,,,,,,,,,,,,,,,,,,,,,,,,,,,,,,,,,,,,,,,,,,,,,,,,,,,,,,,,18.9,,,,,23.1,,,,,26.3,,,,,30.7,,,,,34.6,,,,,39.9,,,,,44.4,,,,,49.3,,,,,55,61.3,62.7,63.3,64.7,66,66.7,68,69.3,70.7,71.3,72.7,74,75.3,76.7,78.7,80,80.7,81.3,76.7,77.3,78.7,78,79.3,86.7,86.7,86.7,86.7
Luxembourg,0.2,,,,,0.2,,,,,0.267,,,,,0.333,,,,,0.467,,,,,0.6,,,,,0.733,,,,,0.933,,,,,1.13,,,,,1.33,,,,,1.6,,,,,2.13,,,,,2.8,,,,,3.33,,,,,9.33,,,,,14,,,,,17.9,,,,,23,,,,,27.7,,,,,33.4,,,,,39,,,,,52.5,,,,,54.8,,,,,57.2,,,,,59.5,59.3,60,60.7,61.3,62,63.3,64.7,66,67.3,68.7,70,71.3,72.7,74,75.3,76.7,78,78,78.7,78.7,78.7,78.7,78.7,80,80,80.7,80.7
Latvia,,,,,,,,,,,,,,,,,,,,,,,,,,,,,,,,,,,,,,,,,,,,,,,,,,,,,,,,,,,,,,,,,,,,,,,,,,,,,,,,,24.6,,,,,26.5,,,,,28.6,,,,,31.6,,,,,34.3,,,,,38.8,,,,,42.2,,,,,46.1,,,,,50.4,52,54,56,57.3,59.3,60,60.7,61.3,62.7,63.3,66.7,70.7,74.7,78,80.7,81.3,82,81.3,82,83.3,84,84,84.7,86,85.3,85.3,85.3
Morocco,0.0667,,,,,0.0667,,,,,0.0667,,,,,0.0667,,,,,0.0667,,,,,0.0667,,,,,0.0667,,,,,0.0667,,,,,0.0667,,,,,0.0667,,,,,0.333,,,,,0.533,,,,,0.733,,,,,1,,,,,1.2,,,,,1.47,,,,,1.6,,,,,2,,,,,2.27,,,,,3.13,,,,,3.8,,,,,5.73,,,,,7.8,,,,,10.8,,,,,14.1,15.3,16,16.7,18,18.7,19.3,20,20.7,21.3,22.7,23.3,24,24.7,25.3,26,26.7,26.7,27.3,28,28,29.3,30.7,32,33.3,33.3,36,36.7
Moldova,,,,,,,,,,,,,,,,,,,,,,,,,,,,,,,,,,,,,,,,,,,,,,,,,,,,,,,,,,,,,,,,,,,,,,,,,,,,,,,,,15.7,,,,,18.3,,,,,21.1,,,,,26.5,,,,,30.6,,,,,36.4,,,,,42.9,,,,,48.9,,,,,53.9,54,54.7,55.3,56.7,57.3,58,58.7,58.7,59.3,60,62,64,65.3,67.3,69.3,70.7,72.7,72.7,73.3,74,74,76,77.3,77.3,77.3,77.3,77.3
Madagascar,,,,,,,,,,,,,,,,,,,,,,,,,,,,,,,,,,,,,,,,,,,,,,,,,,,,,,,,,,,,,,,,,,,,,,,,,,,,,,,,,,,,,,,,,,,,,,,,,,,,,,,,,,,,,,,,,,,,,,,,,,,,,,,,,,,34.7,34.7,35.3,36,36.7,37.3,38,38.7,39.3,39.3,40,40.7,40.7,40.7,40.7,40.7,40.7,40.7
Maldives,,,,,,,,,,,,,,,,,,,,,,,,,,,,,,,,,,,,,,,,,,,,,,,,,,,,,,,,,,,,,,,,,,,,,,,,,,,,,,,,,19.5,,,,,20.9,,,,,22.8,,,,,23.7,,,,,26.9,,,,,28.1,,,,,29.8,,,,,31,,,,,26.9,26,25.3,24.7,24,23.3,22.7,22,21.3,20.7,20,20.7,21.3,22,22.7,23.3,24,26,28.7,31.3,32.7,34.7,36.7,38,41.3,42,42,42
Mexico,1.87,,,,,2.27,,,,,2.73,,,,,3.33,,,,,3.93,,,,,4.53,,,,,5.07,,,,,5.6,,,,,8,,,,,9.4,,,,,10.9,,,,,12.1,,,,,13.1,,,,,13.7,,,,,14.1,,,,,14.5,,,,,14.5,,,,,14.5,,,,,15.5,,,,,16.9,,,,,19.3,,,,,22.2,,,,,26.1,,,,,32,,,,,37.1,38,39.3,40.7,41.3,42.7,43.3,43.3,44,44,44.7,45.3,46.7,47.3,49.3,50.7,53.3,53.3,53.3,54.7,53.3,56,57.3,56,56,57.3,57.3,57.3
Marshall Islands,,,,,,,,,,,,,,,,,,,,,,,,,,,,,,,,,,,,,,,,,,,,,,,,,,,,,,,,,,,,,,,,,,,,,,,,,,,,,,,,,,,,,,,,,,,,,,,,,,,,,,,,,,,,,,,,,,,,,,,,,,,,,,,,,,,,,,,,,,,,,,72,72,72,72,72,72,72.7
North Macedonia,,,,,,,,,,,,,,,,,,,,,,,,,,,,,,,,,,,,,,,,,,,,,,,,,,,,,,,,,,,,,,,,,,,,,,,,,,,,,,,,,,,,,,,,,,,,,,,,,,,,,,,,,,,,,,,,,,,,,,,,,,,,,,,,,,,43.3,45.3,47.3,50,52,54.7,56,56.7,58,59.3,60.7,62,62,62.7,63.3,64,64,64
Mali,0.0667,,,,,0.0667,,,,,0.0667,,,,,0.0667,,,,,0.0667,,,,,0.0667,,,,,0.0667,,,,,0.0667,,,,,0.0667,,,,,0.0667,,,,,0.0667,,,,,0.133,,,,,0.2,,,,,0.267,,,,,0.333,,,,,0.467,,,,,0.6,,,,,0.667,,,,,0.867,,,,,1,,,,,1.33,,,,,1.53,,,,,2.53,,,,,3.6,,,,,4.8,4.67,5.33,5.33,6,6,6.67,6.67,7.33,7.33,8,8.67,9.33,10,10.7,11.3,11.3,12,12.7,12.7,13.3,13.3,14,14.7,15.3,15.3,15.3,15.3
Malta,1.53,,,,,1.87,,,,,2.27,,,,,2.67,,,,,3.2,,,,,3.8,,,,,6,,,,,7.6,,,,,9.27,,,,,10.6,,,,,11.9,,,,,13.7,,,,,15.2,,,,,17.1,,,,,18.1,,,,,19.9,,,,,20.6,,,,,22.6,,,,,26,,,,,30.1,,,,,35.1,,,,,39,,,,,42.5,,,,,48.5,,,,,53.5,49.3,49.3,49.3,49.3,49.3,50.7,51.3,52,52.7,54,54.7,55.3,56.7,57.3,65.3,65.3,66,66.7,68,68.7,70,72,73.3,74,74.7,75.3,75.3
Myanmar,0.2,,,,,0.267,,,,,0.4,,,,,0.533,,,,,0.8,,,,,1.27,,,,,1.73,,,,,2.4,,,,,2.93,,,,,3.47,,,,,3.87,,,,,4.2,,,,,5.13,,,,,5.93,,,,,6.53,,,,,6.93,,,,,7.33,,,,,8.2,,,,,7.47,,,,,7.2,,,,,7.47,,,,,7.47,,,,,11.2,,,,,15.1,,,,,16.2,16.7,16.7,17.3,18,18,18.7,19.3,19.3,20,20.7,21.3,22,22.7,23.3,23.3,24.7,25.3,26,26.7,27.3,28.7,30,31.3,32,32.7,32.7,32.7
Montenegro,,,,,,,,,,,,,,,,,,,,,,,,,,,,,,,,,,,,,,,,,,,,,,,,,,,,,,,,,,,,,,,,,,,,,,,,,,,,,,,,,,,,,,,,,,,,,,,,,,,,,,,,,,,,,,,,,,,,,,,,,,,,,,,,,,,,,,68.7,69.3,70,71.3,72,72.7,73.3,74,74,74.7,74.7,75.3,75.3,75.3,75.3
Mongolia,,,,,,,,,,,,,,,,,,,,,,,,,,,,,,,,,,,,,,,,,,,,,,,,,,,,,,,,,,,,,,,,,,,,,,,,,,,,,,,,,4.47,,,,,7.07,,,,,9.33,,,,,13.5,,,,,18.5,,,,,32.5,,,,,38.9,,,,,44.9,,,,,51.3,51.3,51.3,52,52,52,52.7,53.3,53.3,54,54.7,55.3,56,56,56.7,57.3,58.7,59.3,60,60.7,63.3,65.3,66,66.7,67.3,67.3,67.3,67.3
Mozambique,0.0667,,,,,0.0667,,,,,0.0667,,,,,0.0667,,,,,0.0667,,,,,0.0667,,,,,0.0667,,,,,0.0667,,,,,0.133,,,,,0.133,,,,,0.133,,,,,0.2,,,,,0.6,,,,,0.867,,,,,1.2,,,,,1.33,,,,,1.33,,,,,2.67,,,,,3.87,,,,,5,,,,,5.87,,,,,5.53,,,,,4.87,,,,,5.53,,,,,5.53,6.67,7.33,8,8.67,10,11.3,12.7,13.3,14,14.7,16,16.7,17.3,18.7,19.3,19.3,20,20.7,20.7,21.3,21.3,22,22.7,22.7,23.3,23.3,23.3
Mauritania,,,,,,,,,,,,,,,,,,,,,,,,,,,,,,,,,,,,,,,,,,,,,,,,,,,,,,,,,,,,,,,,,,,,,,,,,,,,,,,,,7.8,,,,,8.47,,,,,9.07,,,,,9.67,,,,,10.1,,,,,11.3,,,,,11.9,,,,,13.3,,,,,14.9,15.3,16,16.7,16.7,17.3,18,18.7,18.7,19.3,20,20,20.7,21.3,22,22.7,22.7,23.3,24,24.7,25.3,26,26.7,27.3,28.7,28.7,29.3,30
Mauritius,0.867,,,,,1.13,,,,,1.4,,,,,1.8,,,,,2.27,,,,,2.93,,,,,5.47,,,,,7.47,,,,,9.4,,,,,10.7,,,,,11.8,,,,,12.7,,,,,13.4,,,,,14.2,,,,,14.7,,,,,15,,,,,15.7,,,,,16.6,,,,,17.7,,,,,22,,,,,24.7,,,,,27.4,,,,,29.6,,,,,32.2,,,,,38,38.7,39.3,40,40.7,42,41.3,41.3,41.3,41.3,41.3,42.7,44,45.3,46.7,48,49.3,50.7,52,53.3,54.7,56.7,57.3,59.3,60.7,60.7,62,62
Malawi,0.0667,,,,,0.0667,,,,,0.0667,,,,,0.0667,,,,,0.0667,,,,,0.0667,,,,,0.0667,,,,,0.0667,,,,,0.0667,,,,,1.13,,,,,1.87,,,,,2.53,,,,,3.2,,,,,3.8,,,,,4.33,,,,,4.73,,,,,5.2,,,,,5.47,,,,,6,,,,,6.27,,,,,8,,,,,9.6,,,,,11.7,,,,,13.9,,,,,16.3,16.7,17.3,17.3,18,18,18.7,18.7,19.3,20,20,20.7,21.3,22,22,22.7,24,25.3,26,27.3,28.7,28.7,28.7,29.3,29.3,29.3,30,30
Malaysia,0.0667,,,,,0.0667,,,,,0.133,,,,,0.133,,,,,0.2,,,,,0.267,,,,,0.4,,,,,0.533,,,,,1.73,,,,,2.87,,,,,3.8,,,,,6.27,,,,,8.4,,,,,9.87,,,,,11,,,,,11.9,,,,,11.9,,,,,13.5,,,,,15.1,,,,,17.5,,,,,20.1,,,,,24.8,,,,,29.4,,,,,36.5,,,,,43.5,44.7,46,47.3,49.3,50.7,52,53.3,54.7,56,57.3,56,54.7,53.3,52,50.7,54.7,58.7,62.7,64,65.3,67.3,67.3,67.3,67.3,68,68,68
Namibia,,,,,,,,,,,,,,,,,,,,,,,,,,,,,,,,,,,,,,,,,,,,,,,,,,,,,,,,,,,,,,,,,,,,,,,,,,,,,,,,,16.7,,,,,18.7,,,,,20.3,,,,,21.1,,,,,22.7,,,,,25.3,,,,,28.4,,,,,32.4,,,,,37.3,37.3,37.3,37.3,38,38,37.3,37.3,37.3,37.3,37.3,38.7,38.7,38.7,39.3,40,40,40.7,40.7,41.3,41.3,42,42.7,44,44.7,44.7,45.3,45.3
Niger,0.0667,,,,,0.0667,,,,,0.0667,,,,,0.0667,,,,,0.0667,,,,,0.0667,,,,,0.0667,,,,,0.0667,,,,,0.0667,,,,,0.0667,,,,,0.0667,,,,,0.6,,,,,1,,,,,1.4,,,,,1.73,,,,,2,,,,,2.07,,,,,2.27,,,,,2.6,,,,,2.67,,,,,2.73,,,,,2.87,,,,,3.07,,,,,3.67,,,,,4.6,4.67,5.33,5.33,5.33,6,6,6.67,6.67,7.33,7.33,7.33,8,8,8.67,8.67,8.67,9.33,9.33,9.33,9.33,10,10.7,11.3,11.3,12,12.7,13.3
Nigeria,,,,,,,,,,,,,,,,,,,,,,,,,,,,,,,,,,,,,,,,,,,,,,,,,,,,,,,,,,,,,,,,,,,,,,,,,,,,,,,,,,,,,,,,,,,,,,,,,,,,,,,,,,,,,,,,,,,,,,,,,,,,,,,,,,,,,,34.7,34.7,34.7,34.7,34.7,34.7,34.7,34.7,36.7,38,39.3,39.3,40,41.3,41.3
Nicaragua,0.8,,,,,1,,,,,1.2,,,,,1.47,,,,,1.8,,,,,2.27,,,,,4.67,,,,,6.2,,,,,7.67,,,,,8.73,,,,,9.67,,,,,10.2,,,,,10.7,,,,,10.9,,,,,10.8,,,,,10.7,,,,,10.2,,,,,11.2,,,,,12.9,,,,,15,,,,,17.7,,,,,19.2,,,,,21.4,,,,,24.2,,,,,27.3,28,28.7,29.3,30,30.7,31.3,32,32.7,33.3,34,34.7,34.7,35.3,36,36.7,37.3,38,38.7,39.3,40,40.7,42,42.7,43.3,43.3,44.7,44.7
Netherlands,19.3,,,,,19.6,,,,,19.9,,,,,20.5,,,,,21.1,,,,,21.7,,,,,22.3,,,,,22.9,,,,,24.3,,,,,25.5,,,,,26.7,,,,,28.2,,,,,29.5,,,,,30.9,,,,,32.3,,,,,33.7,,,,,40.2,,,,,41.1,,,,,41.5,,,,,46.9,,,,,53.5,,,,,57.6,,,,,61.7,,,,,66.1,,,,,68.9,68,68.7,69.3,69.3,70,70.7,70.7,71.3,72,72,73.3,74,75.3,76.7,77.3,78.7,80,80,79.3,80,80,80,80.7,80.7,80.7,80.7,81.3
Norway,25.5,,,,,27.1,,,,,28.8,,,,,30.5,,,,,32.1,,,,,33.8,,,,,35.4,,,,,37.3,,,,,40.1,,,,,42.5,,,,,44.5,,,,,46.1,,,,,47.5,,,,,48.6,,,,,49.7,,,,,50.4,,,,,50.3,,,,,49.9,,,,,49.8,,,,,52.3,,,,,55.1,,,,,56.3,,,,,58.9,,,,,64.5,,,,,69.8,77.3,77.3,78,78,78.7,78.7,79.3,79.3,80,80,80.7,80.7,81.3,84.7,82.7,83.3,84,84.7,84.7,84.7,85.3,84,84.7,83.3,83.3,84,84
Nepal,0.0667,,,,,0.0667,,,,,0.0667,,,,,0.0667,,,,,0.0667,,,,,0.0667,,,,,0.0667,,,,,0.0667,,,,,0.0667,,,,,0.0667,,,,,0.133,,,,,0.133,,,,,0.133,,,,,0.2,,,,,0.267,,,,,0.333,,,,,0.333,,,,,0.467,,,,,0.533,,,,,1.07,,,,,1.67,,,,,2.93,,,,,4.2,,,,,8.27,,,,,13.5,14,14,14.7,14.7,14.7,15.3,15.3,15.3,15.3,16,16.7,16.7,17.3,18,18.7,19.3,20,20.7,21.3,22,22,26.7,28,30,31.3,32.7,32.7
New Zealand,23.5,,,,,22.2,,,,,23.1,,,,,23.9,,,,,24.9,,,,,26.5,,,,,28.1,,,,,30.3,,,,,30.5,,,,,34.2,,,,,37.4,,,,,39.9,,,,,44.3,,,,,47.9,,,,,51.1,,,,,54.1,,,,,59.7,,,,,62,,,,,63.8,,,,,65.9,,,,,71.3,,,,,75.5,,,,,75.4,,,,,76.8,,,,,76.9,77.3,77.3,77.3,77.3,77.3,77.3,77.3,77.3,77.3,77.3,77.3,77.3,77.3,77.3,78,78,78.7,78.7,79.3,80,80,80.7,80.7,81.3,82.7,83.3,83.3
Oman,,,,,,,,,,,,,,,,,,,,,,,,,,,,,,,,,,,,,,,,,,,,,,,,,,,,,,,,,,,,,,,,,,,,,,,,,,,,,,,,,,,,,,,,,,,,,,,,,,,,,,,,,,,,,,,,,,,,,,,,,,,,,,,,,,,35.3,37.3,39.3,42.7,44,45.3,46.7,48.7,54,51.3,52.7,55.3,57.3,59.3,62,63.3,63.3,63.3
Pakistan,0.0667,,,,,0.0667,,,,,0.0667,,,,,0.0667,,,,,0.0667,,,,,0.0667,,,,,0.0667,,,,,0.0667,,,,,1.2,,,,,2.07,,,,,2.87,,,,,3.47,,,,,4,,,,,4.4,,,,,4.73,,,,,5.07,,,,,5.67,,,,,5.73,,,,,5.73,,,,,7.4,,,,,8.73,,,,,10.3,,,,,11.7,,,,,13.9,,,,,15.2,16,16.7,17.3,18,18.7,19.3,20,20.7,21.3,22,23.3,25.3,26.7,28.7,30,29.3,29.3,29.3,30,31.3,32,32,32.7,34,34,34.7,34.7
Panama,0.4,,,,,0.533,,,,,0.6,,,,,0.8,,,,,1,,,,,1.2,,,,,4.2,,,,,6.13,,,,,8.07,,,,,10.2,,,,,12.1,,,,,14.1,,,,,15.7,,,,,18.3,,,,,19.8,,,,,21.7,,,,,23.9,,,,,25.5,,,,,28.4,,,,,29.2,,,,,31.3,,,,,34.8,,,,,39.3,,,,,44.2,,,,,48.4,49.3,50.7,51.3,52.7,53.3,54,54.7,55.3,56,56.7,57.3,58,58.7,59.3,60,60.7,61.3,61.3,62,62,62,63.3,64.7,66,66,66.7,68
Peru,0.0667,,,,,0.133,,,,,0.2,,,,,0.267,,,,,0.4,,,,,0.533,,,,,0.8,,,,,1.13,,,,,3.33,,,,,4.93,,,,,6.53,,,,,8.8,,,,,10.7,,,,,12.7,,,,,14.2,,,,,16.1,,,,,16.4,,,,,18,,,,,19.4,,,,,21.7,,,,,24.5,,,,,29.7,,,,,35.1,,,,,38.9,,,,,43.5,44.7,46,46.7,47.3,48.7,49.3,50,51.3,52,53.3,54,55.3,56,57.3,58,54,54,56,56,56,60.7,57.3,58.7,62.7,60.7,61.3,61.3
Philippines,0.133,,,,,0.2,,,,,0.267,,,,,0.333,,,,,0.4,,,,,0.533,,,,,0.867,,,,,1.13,,,,,1.4,,,,,2.47,,,,,3.13,,,,,4.87,,,,,6,,,,,8.33,,,,,9.87,,,,,11.7,,,,,12.5,,,,,18.2,,,,,20.1,,,,,23.3,,,,,26.9,,,,,30.7,,,,,35.9,,,,,41.4,,,,,43.9,44.7,45.3,46,46.7,47.3,48,48.7,49.3,50,50.7,51.3,52.7,53.3,57.3,58,58.7,59.3,60,60,59.3,60,60.7,60.7,61.3,62,62,62
Palau,,,,,,,,,,,,,,,,,,,,,,,,,,,,,,,,,,,,,,,,,,,,,,,,,,,,,,,,,,,,,,,,,,,,,,,,,,,,,,,,,,,,,,,,,,,,,,,,,,,,,,,,,,,,,,,,,,,,,,,,,,69.3,70,71.3,72,72.7,73.3,74,74.7,75.3,76,76,76,76,76,76,76.7,78,78.7,79.3,80.7,81.3,81.3,81.3,81.3,81.3,82,82
Papua New Guinea,,,,,,,,,,,,,,,,,,,,,,,,,,,,,,,,,,,,,,,,,,,,,,,,,,,,,,,,,,,,,,,,,,,,,,,,,,,,,,,,,1.4,,,,,1.87,,,,,2.27,,,,,3.27,,,,,6.27,,,,,6.4,,,,,8.33,,,,,11.9,,,,,15.5,16,17.3,18,18.7,19.3,20,20.7,20.7,21.3,22,22,22.7,22.7,23.3,23.3,24,24.7,25.3,26,26.7,27.3,28,28.7,28.7,28.7,30.7,30.7
Poland,8.13,,,,,8.8,,,,,9.47,,,,,10.2,,,,,11,,,,,11.8,,,,,12.6,,,,,13.5,,,,,16.1,,,,,18.1,,,,,19.9,,,,,21.7,,,,,24.4,,,,,27.9,,,,,30.7,,,,,33,,,,,33.3,,,,,35.7,,,,,37.6,,,,,42.5,,,,,46.3,,,,,50.9,,,,,51.7,,,,,55.2,,,,,59.7,66,67.3,68,69.3,70,70.7,71.3,72,72.7,74,74,76,76.7,77.3,77.3,78,78.7,79.3,80.7,81.3,82,78,80.7,75.3,80.7,81.3,82
Portugal,1.27,,,,,1.53,,,,,1.93,,,,,2.4,,,,,3,,,,,3.67,,,,,4.4,,,,,5.13,,,,,5.73,,,,,6.27,,,,,6.73,,,,,7.47,,,,,8.07,,,,,8.73,,,,,9.33,,,,,10.3,,,,,10.8,,,,,12,,,,,13,,,,,14.7,,,,,16.6,,,,,19.9,,,,,24.8,,,,,30.1,,,,,35,42,42,42.7,42.7,42.7,43.3,43.3,44.7,44.7,45.3,46,46.7,48,49.3,50,50.7,51.3,52,52.7,54,55.3,56.7,57.3,59.3,60.7,61.3,61.3
Paraguay,0.333,,,,,0.4,,,,,0.533,,,,,0.667,,,,,0.867,,,,,1.07,,,,,3.67,,,,,5.4,,,,,7,,,,,8.93,,,,,10.5,,,,,12.7,,,,,14.5,,,,,16.2,,,,,17.3,,,,,18.7,,,,,17,,,,,18.8,,,,,20.7,,,,,22.5,,,,,24.9,,,,,27.3,,,,,30.9,,,,,35.1,,,,,38.2,38.7,39.3,40,40,40.7,40.7,40,40,39.3,39.3,41.3,43.3,46.7,47.3,48.7,47.3,47.3,49.3,46.7,51.3,52,52,55.3,54.7,56.7,56,56
Palestine,,,,,,,,,,,,,,,,,,,,,,,,,,,,,,,,,,,,,,,,,,,,,,,,,,,,,,,,,,,,,,,,,,,,,,,,,,,,,,,,,,,,,,,,,,,,,,,,,,,,,,,,,,,,,,,,,,,,,,,,,,,,,,,,,,,,,,,51.3,52,52.7,53.3,54.7,56.7,56.7,58,60,59.3,59.3,60,60.7,60.7
Qatar,,,,,,,,,,,,,,,,,,,,,,,,,,,,,,,,,,,,,,,,,,,,,,,,,,,,,,,,,,,,,,,,,,,,,,,,,,,,,,,,,7,,,,,9,,,,,12.3,,,,,16.2,,,,,21.7,,,,,24.7,,,,,29.4,,,,,33.1,,,,,35.9,36.7,37.3,38,38.7,39.3,42,44.7,47.3,50,52.7,53.3,54,54.7,56,58.7,61.3,64,64.7,61.3,56,58,61.3,66,65.3,65.3,65.3,65.3
Romania,0.533,,,,,0.6,,,,,0.733,,,,,0.8,,,,,0.933,,,,,1.07,,,,,1.27,,,,,1.53,,,,,2,,,,,3.73,,,,,6.47,,,,,8.73,,,,,10.9,,,,,12.5,,,,,13.9,,,,,16.8,,,,,26.3,,,,,27.4,,,,,31.3,,,,,33.8,,,,,40.3,,,,,46.9,,,,,51.5,,,,,56.1,,,,,60.3,60.7,61.3,62,62.7,63.3,64,64.7,64.7,65.3,66,64.7,64,64.7,66,67.3,68.7,70,70.7,70.7,71.3,72,72.7,72.7,72.7,72.7,73.3,73.3
Russia,0.733,,,,,0.867,,,,,1.07,,,,,1.27,,,,,1.47,,,,,1.73,,,,,2,,,,,2.47,,,,,3.2,,,,,4.33,,,,,5.87,,,,,7.87,,,,,10.1,,,,,12.9,,,,,15.7,,,,,19.7,,,,,21.1,,,,,25.7,,,,,27.8,,,,,31.8,,,,,35.1,,,,,39.3,,,,,45,,,,,51.7,,,,,59.4,62.7,63.3,64.7,66,66.7,68.7,70.7,72,74,75.3,76,76,76,76,76,76,76,76,76.7,76.7,77.3,78,78.7,79.3,80,80,80
Rwanda,,,,,,,,,,,,,,,,,,,,,,,,,,,,,,,,,,,,,,,,,,,,,,,,,,,,,,,,,,,,,,,,,,,,,,,,,,,,,,,,,1.33,,,,,1.93,,,,,2.4,,,,,3.6,,,,,4.6,,,,,6.4,,,,,8.07,,,,,10.1,,,,,11.7,12,12,12.7,12.7,13.3,13.3,14,14,14.7,15.3,16,16.7,17.3,18,18.7,19.3,20.7,21.3,22,25.3,25.3,24.7,25.3,26.7,26.7,27.3,27.3
Saudi Arabia,,,,,,,,,,,,,,,,,,,,,,,,,,,,,,,,,,,,,,,,,,,,,,,,,,,,,,,,,,,,,,,,,,,,,,,,,,,,,,,,,14.5,,,,,16.3,,,,,18.1,,,,,19.7,,,,,21.3,,,,,22.3,,,,,26.8,,,,,31.4,,,,,37,38.7,38.7,40,40,41.3,42,42.7,43.3,44,44.7,45.3,46.7,47.3,50,50.7,52,54,55.3,57.3,59.3,60.7,62.7,63.3,63.3,63.3,63.3,63.3
Sudan,0.0667,,,,,0.0667,,,,,0.0667,,,,,0.0667,,,,,0.0667,,,,,0.0667,,,,,0.0667,,,,,0.133,,,,,0.133,,,,,0.2,,,,,0.333,,,,,0.4,,,,,0.533,,,,,0.667,,,,,0.933,,,,,1.2,,,,,1.53,,,,,1.93,,,,,2.53,,,,,3.13,,,,,3.93,,,,,4.67,,,,,6,,,,,7.27,,,,,10,10.7,11.3,12,12.7,13.3,14,14.7,15.3,15.3,16,16.7,17.3,18,18.7,19.3,20,20,20,20.7,20.7,21.3,22,22.7,23.3,24,24,24.7
Senegal,0.0667,,,,,0.0667,,,,,0.0667,,,,,0.0667,,,,,0.0667,,,,,0.0667,,,,,0.0667,,,,,0.0667,,,,,0.133,,,,,0.133,,,,,0.2,,,,,2.53,,,,,4.33,,,,,5.93,,,,,7.33,,,,,8.73,,,,,11,,,,,12.1,,,,,14.1,,,,,13.9,,,,,14.1,,,,,14.3,,,,,14.9,,,,,15.3,,,,,14.7,14.7,14,14,14,14,13.3,13.3,13.3,12.7,12.7,15.3,16,16,16,16,16,16,16,16,16,16,17.3,18.7,18.7,19.3,19.3,20
Singapore,,,,,,,,,,,,,,,,,,,,,,,,,,,,,,,,,,,,,,,,,,,,,,,,,,,,,,,,,,,,,,,,,,,,,,,,,,,,,,,,,14.3,,,,,16.7,,,,,18.7,,,,,22.2,,,,,25.1,,,,,25.9,,,,,24.9,,,,,33.9,,,,,38.6,40.7,42.7,44.7,46.7,48.7,50.7,53.3,55.3,57.3,59.3,61.3,63.3,65.3,68,70,67.3,68,70,70,74.7,74.7,75.3,76,76,76.7,76.7,76.7
Solomon Islands,,,,,,,,,,,,,,,,,,,,,,,,,,,,,,,,,,,,,,,,,,,,,,,,,,,,,,,,,,,,,,,,,,,,,,,,,,,,,,,,,,,,,,,,,,,,,,,,,,,,,,,,,,,,,,,,,,,,,,,,,,,,,,,,,,30,30.7,30.7,31.3,31.3,32,32,32.7,32.7,33.3,33.3,34,34.7,34.7,35.3,35.3,36,36,36.7
Sierra Leone,0.133,,,,,0.133,,,,,0.133,,,,,0.2,,,,,0.267,,,,,0.267,,,,,0.333,,,,,0.467,,,,,0.6,,,,,0.933,,,,,1.2,,,,,1.47,,,,,1.67,,,,,1.8,,,,,2.2,,,,,2.53,,,,,2.73,,,,,2.87,,,,,3.07,,,,,3.53,,,,,3.87,,,,,4.87,,,,,6.4,,,,,8.33,,,,,10.5,11.3,11.3,12,12.7,13.3,13.3,14,14.7,14.7,15.3,16,16.7,16.7,17.3,18,18.7,18.7,19.3,20,20.7,20.7,21.3,22,22,22.7,22.7,23.3
El Salvador,1.07,,,,,1.33,,,,,1.67,,,,,2.07,,,,,2.53,,,,,3.13,,,,,4.53,,,,,5.6,,,,,6.53,,,,,7.2,,,,,7.8,,,,,8.33,,,,,8.8,,,,,9.2,,,,,9.4,,,,,9.87,,,,,9.33,,,,,10.4,,,,,11.1,,,,,13,,,,,15.2,,,,,17.5,,,,,20.3,,,,,22.7,,,,,24.8,25.3,26,26.7,27.3,28,29.3,30.7,32,33.3,34.7,35.3,36.7,38,38.7,40,42.7,38.7,42.7,43.3,47.3,43.3,44.7,44,43.3,44,46,46
Somalia,,,,,,,,,,,,,,,,,,,,,,,,,,,,,,,,,,,,,,,,,,,,,,,,,,,,,,,,,,,,,,,,,,,,,,,,,,,,,,,,,,,,,,,,,,,,,,,,,,,,,,,,,,,,,,,,,,,,,,,,,,,,,,,,,,,,,,,,,14,,,,,,,,,,,
Serbia,0.4,,,,,0.533,,,,,0.6,,,,,0.733,,,,,1,,,,,1.4,,,,,2.13,,,,,4.87,,,,,6.8,,,,,9.73,,,,,12.7,,,,,15.5,,,,,18,,,,,20.6,,,,,23.2,,,,,25.6,,,,,26.1,,,,,29.7,,,,,30.3,,,,,32.7,,,,,35.1,,,,,39.5,,,,,44.8,,,,,49.4,,,,,53,54,55.3,56.7,57.3,58.7,59.3,60,61.3,62,62.7,64,64.7,66,66.7,68,68,68,69.3,69.3,69.3,70.7,70,69.3,71.3,73.3,74,74
South Sudan,,,,,,,,,,,,,,,,,,,,,,,,,,,,,,,,,,,,,,,,,,,,,,,,,,,,,,,,,,,,,,,,,,,,,,,,,,,,,,,,,,,,,,,,,,,,,,,,,,,,,,,,,,,,,,,,,,,,,,,,,,,,,,,,,,,,,,,,,,,32,32,32,32,32,32,32,32,32,32
Sao Tome and Principe,,,,,,,,,,,,,,,,,,,,,,,,,,,,,,,,,,,,,,,,,,,,,,,,,,,,,,,,,,,,,,,,,,,,,,,,,,,,,,,,,,,,,,,,,,,,,,,,,,,,,,,,,,,,,,,,,,,,,,,,,,20,20.7,22,22.7,23.3,24.7,25.3,26,27.3,28,28.7,28.7,29.3,29.3,30,30,30.7,31.3,32,32.7,33.3,34,34.7,35.3,37.3,40,42
Suriname,,,,,,,,,,,,,,,,,,,,,,,,,,,,,,,,,,,,,,,,,,,,,,,,,,,,,,,,,,,,,,,,,,,,,,,,,,,,,,,,,,,,,,,,,,,,,,,,,,,,,,,,,,,,,,,,,,,,,,,,,,,,,,,,,,,,,,,51.3,51.3,51.3,51.3,51.3,51.3,51.3,52,52.7,54,54.7,56,56.7,56.7
Slovak Republic,,,,,,,,,,,,,,,,,,,,,,,,,,,,,,,,,,,,,,,,,,,,,,,,,,,,,,,,,,,,,,,,,,,,,,,,,,,,,,,,,54.1,,,,,55.1,,,,,53.9,,,,,59.4,,,,,63.1,,,,,65.5,,,,,67.5,,,,,69.2,,,,,71.7,72.7,73.3,74,75.3,76,74.7,73.3,72,70,68.7,67.3,68.7,69.3,70.7,72,72.7,74,74.7,76,77.3,80.7,82,81.3,82,83.3,83.3,83.3
Slovenia,,,,,,,,,,,,,,,,,,,,,,,,,,,,,,,,,,,,,,,,,,,,,,,,,,,,,,,,,,,,,,,,,,,,,,,,,,,,,,,,,37.8,,,,,40.9,,,,,40.8,,,,,46.3,,,,,50.6,,,,,55.5,,,,,59.8,,,,,66.1,,,,,72.7,73.3,73.3,74,74.7,74.7,75.3,76,76,76.7,77.3,76.7,76.7,76.7,80,78,78.7,78.7,79.3,80.7,80.7,81.3,78,78,79.3,80,82,81.3
Sweden,23.4,,,,,23.9,,,,,24.5,,,,,25.3,,,,,26.3,,,,,27.2,,,,,28.1,,,,,28.9,,,,,29.6,,,,,30.1,,,,,30.7,,,,,32.5,,,,,34.1,,,,,36.5,,,,,38.9,,,,,41.5,,,,,42.9,,,,,44.7,,,,,48,,,,,50.5,,,,,53.1,,,,,60.1,,,,,64.1,,,,,67,,,,,70.3,70.7,71.3,72,72.7,72.7,73.3,74,74.7,75.3,76,76.7,77.3,78.7,82,82.7,82.7,83.3,81.3,81.3,82,82.7,82.7,81.3,82,82.7,82.7,82.7
Eswatini,0.0667,,,,,0.0667,,,,,0.0667,,,,,0.0667,,,,,0.0667,,,,,0.0667,,,,,0.0667,,,,,0.0667,,,,,0.0667,,,,,0.533,,,,,0.867,,,,,1.27,,,,,2.4,,,,,3.4,,,,,4.47,,,,,5.47,,,,,6.8,,,,,7.73,,,,,9.4,,,,,10.5,,,,,14.5,,,,,19,,,,,23.7,,,,,27.9,,,,,29,28.7,28.7,28.7,28.7,28,28,27.3,26.7,26,26,24.7,24,22.7,26.7,30,34,35.3,36,37.3,38,39.3,40.7,42,43.3,43.3,43.3,43.3
Seychelles,,,,,,,,,,,,,,,,,,,,,,,,,,,,,,,,,,,,,,,,,,,,,,,,,,,,,,,,,,,,,,,,,,,,,,,,,,,,,,,,,,,,,,,,,,,,,,,,,,,,,,,,,,,,,,,,,,,,,,,,,,,,,,,,,,,49.3,50,50.7,50.7,51.3,51.3,52,52.7,53.3,53.3,54,56,58.7,60.7,62.7,63.3,63.3,63.3
Syria,0.0667,,,,,0.0667,,,,,0.0667,,,,,0.0667,,,,,0.133,,,,,0.133,,,,,0.2,,,,,0.2,,,,,0.733,,,,,1.07,,,,,1.4,,,,,1.8,,,,,2.13,,,,,2.6,,,,,3.07,,,,,3.8,,,,,4.07,,,,,4.93,,,,,5.73,,,,,7.47,,,,,9.07,,,,,12.2,,,,,16.5,,,,,21.7,,,,,26.5,27.3,28,28.7,29.3,30,30,30,30,30.7,30.7,32,31.3,34,36,38.7,41.3,43.3,42,44,42,42,42,42,37.3,34,34,34
Chad,,,,,,,,,,,,,,,,,,,,,,,,,,,,,,,,,,,,,,,,,,,,,,,,,,,,,,,,,,,,,,,,,,,,,,,,,,,,,,,,,,,,,,,,,,,,,,,,,,,,,,,,,,,,,,,,,,,,,,,,,,,,,,,,,,,9.33,9.33,9.33,9.33,9.33,10,10.7,11.3,12,12,12.7,13.3,14,14,14.7,15.3,15.3,15.3
Togo,0.0667,,,,,0.0667,,,,,0.0667,,,,,0.0667,,,,,0.133,,,,,0.133,,,,,0.133,,,,,0.2,,,,,0.267,,,,,0.467,,,,,0.6,,,,,0.667,,,,,0.8,,,,,1.07,,,,,1.27,,,,,1.53,,,,,1.67,,,,,2,,,,,2.33,,,,,2.8,,,,,3.2,,,,,6.8,,,,,11.5,,,,,15.8,,,,,19.9,20.7,21.3,22,22.7,23.3,24,24.7,25.3,26,26.7,26.7,27.3,27.3,28,28,28.7,28.7,28.7,28.7,28.7,29.3,29.3,30,31.3,31.3,32,32
Thailand,0,,,,,0.0667,,,,,0.0667,,,,,0.0667,,,,,0.0667,,,,,0.0667,,,,,0.133,,,,,0.2,,,,,1.6,,,,,2.47,,,,,3.4,,,,,4,,,,,4.67,,,,,5.2,,,,,5.6,,,,,7.6,,,,,8.93,,,,,11.4,,,,,13.8,,,,,12.6,,,,,12.5,,,,,14.1,,,,,17.8,,,,,21.7,,,,,25.5,31.3,31.3,32,32.7,33.3,34.7,36.7,38,39.3,40.7,42,43.3,44.7,45.3,46.7,46.7,47.3,48.7,50,51.3,50,51.3,50,50.7,50.7,50.7,50.7
Tajikistan,,,,,,,,,,,,,,,,,,,,,,,,,,,,,,,,,,,,,,,,,,,,,,,,,,,,,,,,,,,,,,,,,,,,,,,,,,,,,,,,,20.5,,,,,24.1,,,,,27.7,,,,,33.7,,,,,37.5,,,,,44.1,,,,,51.5,,,,,58.2,,,,,63.8,65.3,66.7,68,69.3,70.7,70.7,70.7,70.7,70.7,70.7,70.7,70.7,70.7,70,70,70,70,73.3,72.7,72.7,72,71.3,71.3,70.7,70,70,69.3
Turkmenistan,,,,,,,,,,,,,,,,,,,,,,,,,,,,,,,,,,,,,,,,,,,,,,,,,,,,,,,,,,,,,,,,,,,,,,,,,,,,,,,,,,,,,,,,,,,,,,,,,,,,,,,,,,,,,,,,,,,,,,,,,,,,,,,,,,,,,,,,,,,,,66,66,65.3,65.3,65.3,65.3,65.3,65.3
Tonga,,,,,,,,,,,,,,,,,,,,,,,,,,,,,,,,,,,,,,,,,,,,,,,,,,,,,,,,,,,,,,,,,,,,,,,,,,,,,,,,,41.3,,,,,42.5,,,,,43.1,,,,,43.9,,,,,45.2,,,,,45.5,,,,,48.3,,,,,50.5,,,,,55.3,56.7,57.3,58.7,60,60.7,60.7,60.7,60.7,60.7,60.7,60.7,60.7,61.3,61.3,61.3,62.7,65.3,67.3,69.3,71.3,72.7,72.7,73.3,74,74.7,74.7,74.7
Trinidad and Tobago,2.33,,,,,3,,,,,3.87,,,,,4.47,,,,,5.4,,,,,6.87,,,,,8.27,,,,,10.2,,,,,12.9,,,,,15.2,,,,,18.3,,,,,21.2,,,,,23.6,,,,,26.3,,,,,28.5,,,,,30.5,,,,,30.7,,,,,33.4,,,,,34.6,,,,,36.6,,,,,38,,,,,42.5,,,,,46.5,,,,,50.3,,,,,52.9,54,54.7,55.3,56,56.7,58,58.7,59.3,60,61.3,62,62.7,63.3,65.3,66.7,66,70,71.3,71.3,71.3,72,72,72,72,72,72.7,72.7
Tunisia,0.0667,,,,,0.0667,,,,,0.0667,,,,,0.0667,,,,,0.0667,,,,,0.0667,,,,,0.0667,,,,,0.133,,,,,0.133,,,,,0.6,,,,,1,,,,,1.4,,,,,1.67,,,,,2.13,,,,,2.53,,,,,2.93,,,,,3.2,,,,,3.53,,,,,4.27,,,,,4.87,,,,,6.67,,,,,8.73,,,,,13.5,,,,,17.5,,,,,22.9,24,24.7,26,26.7,27.3,28.7,29.3,30.7,31.3,32.7,34,34.7,36,37.3,38.7,39.3,40.7,42,42.7,44.7,46,45.3,45.3,46,46.7,47.3,48
Turkey,0.0667,,,,,0.0667,,,,,0.0667,,,,,0.133,,,,,0.133,,,,,0.2,,,,,0.733,,,,,1.33,,,,,1.87,,,,,2.73,,,,,3.4,,,,,4.07,,,,,4.47,,,,,4.93,,,,,5.2,,,,,5.93,,,,,6.6,,,,,8.27,,,,,9.93,,,,,12.5,,,,,13.5,,,,,15.3,,,,,19.1,,,,,26.5,,,,,30.2,30.7,30.7,31.3,32,32,33.3,34,35.3,36,36.7,37.3,38,38.7,39.3,40,40.7,41.3,42,43.3,44.7,48,50,51.3,50.7,52,53.3,53.3
Taiwan,0.0667,,,,,0.0667,,,,,0.0667,,,,,0.0667,,,,,0.0667,,,,,0.0667,,,,,0.0667,,,,,0.0667,,,,,0.133,,,,,0.333,,,,,0.533,,,,,4.2,,,,,7.67,,,,,10.8,,,,,13.5,,,,,15.9,,,,,18.1,,,,,20.4,,,,,22.9,,,,,23.9,,,,,25.1,,,,,27.5,,,,,34.7,,,,,41.4,,,,,47.8,,,,,,,,,,,,,,,,,,,,,,,,,,,
Tanzania,,,,,,,,,,,,,,,,,,,,,,,,,,,,,,,,,,,,,,,,,,,,,,,,,,,,,,,,,,,,,,,,,,,,,,,,,,,,,,,,,9,,,,,9.2,,,,,9.53,,,,,10.8,,,,,11.9,,,,,14.5,,,,,16.9,,,,,21.1,,,,,24,24.7,25.3,26,26.7,27.3,27.3,28,28,28,28,28.7,28.7,29.3,30,32,32,32.7,33.3,33.3,34,34,36.7,36.7,37.3,38.7,38.7,38.7
Uganda,0.0667,,,,,0.0667,,,,,0.0667,,,,,0.0667,,,,,0.0667,,,,,0.0667,,,,,0.0667,,,,,0.0667,,,,,0.8,,,,,1.33,,,,,1.8,,,,,2.13,,,,,2.47,,,,,2.67,,,,,2.87,,,,,4.4,,,,,5.27,,,,,6.13,,,,,6.87,,,,,6.53,,,,,7,,,,,9.53,,,,,12.1,,,,,15.1,,,,,18.5,19.3,20,20.7,22,22.7,23.3,24,24.7,25.3,26,26.7,28,28.7,29.3,29.3,30.7,32,34.7,34.7,38,36,35.3,36,36.7,38,38,40.7
Ukraine,,,,,,,,,,,,,,,,,,,,,,,,,,,,,,,,,,,,,,,,,,,,,,,,,,,,,,,,,,,,,,,,,,,,,,,,,,,,,,,,,25.5,,,,,28.9,,,,,31.5,,,,,35.2,,,,,38.4,,,,,42.3,,,,,47.5,,,,,55,,,,,60.9,62,63.3,64.7,66,66.7,68,68.7,69.3,70.7,71.3,69.3,70,70.7,71.3,74.7,74.7,74.7,75.3,75.3,75.3,75.3,75.3,75.3,75.3,75.3,75.3,75.3
Uruguay,1.6,,,,,2,,,,,2.47,,,,,3,,,,,3.67,,,,,4.53,,,,,5.33,,,,,6,,,,,6.67,,,,,10.2,,,,,12.6,,,,,14.9,,,,,17.5,,,,,19.9,,,,,22.8,,,,,25.3,,,,,27.1,,,,,28.5,,,,,30.4,,,,,31.5,,,,,34.9,,,,,37.4,,,,,41.7,,,,,45.7,,,,,47.5,48,48,48.7,48.7,49.3,50,50.7,51.3,52.7,53.3,53.3,53.3,53.3,53.3,53.3,53.3,54.7,56,56,56,56,56.7,56.7,57.3,58,58,58
USA,24.7,,,,,27.3,,,,,29.9,,,,,32.3,,,,,36.3,,,,,40.1,,,,,43.2,,,,,46.2,,,,,45.9,,,,,47.5,,,,,48.5,,,,,50.4,,,,,51.6,,,,,53.5,,,,,55.5,,,,,58.3,,,,,54.2,,,,,56.7,,,,,59.3,,,,,65.5,,,,,70.7,,,,,76,,,,,79.6,,,,,80.9,,,,,82.1,82.7,83.3,84,84.7,84.7,84.7,84.7,84.7,84.7,84.7,84.7,84.7,85.3,85.3,85.3,85.3,86,88,88,88,88.7,88.7,88,88.7,88.7,89.3,89.3
Uzbekistan,,,,,,,,,,,,,,,,,,,,,,,,,,,,,,,,,,,,,,,,,,,,,,,,,,,,,,,,,,,,,,,,,,,,,,,,,,,,,,,,,,,,,,,,,,,,,,,,,,,,,,,,,,,,,,,,,,,,,,,,,,,,,,,,,,,60.7,61.3,62.7,63.3,64.7,65.3,66,67.3,68.7,70,71.3,72.7,74,75.3,75.3,76,76,76.7
St. Vincent and the Grenadines,,,,,,,,,,,,,,,,,,,,,,,,,,,,,,,,,,,,,,,,,,,,,,,,,,,,,,,,,,,,,,,,,,,,,,,,,,,,,,,,,,,,,,,,,,,,,,,,,,,,,,,,,,,,,,,,,,,,,,,,,,,,,,,,,,,50.7,50.7,51.3,52,52,52.7,53.3,54,54,54.7,55.3,56,56.7,57.3,57.3,57.3,57.3,57.3
Venezuela,0.0667,,,,,0.0667,,,,,0.133,,,,,0.133,,,,,0.2,,,,,0.2,,,,,2.13,,,,,3.47,,,,,4.73,,,,,5.73,,,,,6.53,,,,,7.47,,,,,8.07,,,,,9,,,,,9.4,,,,,10.2,,,,,10,,,,,11.9,,,,,12.9,,,,,14.2,,,,,16.1,,,,,21.7,,,,,29.5,,,,,30.9,,,,,30.6,32,33.3,34,35.3,36.7,38,38.7,40,41.3,42.7,42.7,45.3,46.7,48,49.3,50.7,54,54.7,55.3,59.3,65.3,64.7,66,66.7,67.3,67.3,68.7
Vietnam,,,,,,,,,,,,,,,,,,,,,,,,,,,,,,,,,,,,,,,,,,,,,,,,,,,,,,,,,,,,,,,,,,,,,,,,,,,,,,,,,12.4,,,,,12.9,,,,,13.4,,,,,17.3,,,,,20,,,,,23.7,,,,,27.9,,,,,28.7,,,,,26.3,27.3,28,28.7,30,30.7,32,32.7,34,35.3,36,37.3,38.7,40,41.3,42.7,44,45.3,46.7,53.3,50,50.7,52,52.7,52,53.3,54,54.7
Vanuatu,,,,,,,,,,,,,,,,,,,,,,,,,,,,,,,,,,,,,,,,,,,,,,,,,,,,,,,,,,,,,,,,,,,,,,,,,,,,,,,,,,,,,,,,,,,,,,,,,,,,,,,,,,,,,,,,,,,,,,,,,,,,,,,,,,,,,,,,43.3,43.3,44,44,44,44.7,44.7,45.3,45.3,45.3,45.3,45.3,45.3
Samoa,,,,,,,,,,,,,,,,,,,,,,,,,,,,,,,,,,,,,,,,,,,,,,,,,,,,,,,,,,,,,,,,,,,,,,,,,,,,,,,,,,,,,,,,,,,,,,,,,,,,,,,,,,,,,,,,,,,,,,,,,,51.3,52,53.3,54,54.7,55.3,56.7,57.3,58,58.7,59.3,60.7,61.3,62,62.7,63.3,64.7,65.3,66,66.7,68,68,68.7,68.7,68.7,68.7,68.7
Yemen,0.0667,,,,,0.0667,,,,,0.0667,,,,,0.0667,,,,,0.0667,,,,,0.0667,,,,,0.0667,,,,,0.0667,,,,,0.0667,,,,,0.0667,,,,,0.0667,,,,,0.0667,,,,,0.0667,,,,,0.0667,,,,,0.0667,,,,,0.0667,,,,,0.0667,,,,,0.0667,,,,,0.0667,,,,,0.0667,,,,,0.0667,,,,,0,,,,,0.333,,,,,0.8,,,,,1.93,2.67,2.67,3.33,4,4.67,5.33,6,6.67,7.33,8,8.67,10,10.7,11.3,12.7,13.3,14.7,15.3,16.7,17.3,18.7,20,20,20,20,20,20
South Africa,3.47,,,,,4.13,,,,,4.93,,,,,5.8,,,,,7,,,,,8.4,,,,,9.2,,,,,8.93,,,,,9.07,,,,,9.13,,,,,12.1,,,,,14.9,,,,,17.5,,,,,20.4,,,,,22.9,,,,,25.2,,,,,25,,,,,27.7,,,,,27.8,,,,,28.6,,,,,29.6,,,,,31.1,,,,,32.1,,,,,31.9,,,,,43.3,44,48,50,52.7,54.7,55.3,56,56.7,58,58.7,50,56.7,58.7,58.7,59.3,60,60.7,64.7,67.3,66.7,66,65.3,66,66.7,67.3,67.3,67.3
Zambia,0.0667,,,,,0.0667,,,,,0.0667,,,,,0.0667,,,,,0.0667,,,,,0.0667,,,,,0.0667,,,,,0.0667,,,,,0.0667,,,,,1.47,,,,,2.47,,,,,3.33,,,,,4,,,,,5.4,,,,,6.53,,,,,8.07,,,,,9,,,,,10.7,,,,,12.2,,,,,14.4,,,,,18.9,,,,,19.7,,,,,22.4,,,,,26.9,,,,,31.2,33.3,34.7,36.7,38.7,40,40,40,39.3,39.3,39.3,40,40.7,40.7,41.3,42,42.7,42.7,43.3,43.3,44,44.7,44.7,45.3,46,46,46.7,46.7
Zimbabwe,0.0667,,,,,0.0667,,,,,0.0667,,,,,0.0667,,,,,0.0667,,,,,0.0667,,,,,0.0667,,,,,0.0667,,,,,0.0667,,,,,0.333,,,,,0.6,,,,,0.933,,,,,1.53,,,,,2.47,,,,,4.67,,,,,6.6,,,,,6.8,,,,,8.6,,,,,10.8,,,,,13.2,,,,,15.3,,,,,19.3,,,,,21.6,,,,,26.6,,,,,30.2,31.3,32.7,34,35.3,36.7,38,39.3,40.7,42,43.3,44.7,46,45.3,45.3,45.3,45.3,46.7,46.7,48,48.7,48.7,52.7,53.3,54.7,54.7,54.7,54.7
